DATA,PERCENTUAL_VARIACAO_VISITAS_VAREJO_LAZER,PERCENTUAL_VARIACAO_VISITAS_MERCADOS_FARMACIAS,PERCENTUAL_VARIACAO_VISITAS_PARQUES,PERCENTUAL_VARIACAO_VISITAS_ESTACAO_TRANSPORTE,PERCENTUAL_VARIACAO_VISITAS_LOCAIS_TRABALHO,PERCENTUAL_VARIACAO_PERMANENCIA_RESIDENCIAS
2022-01-01,-56.0,-46.0,39.0,-46.0,-57.0,6.0
2022-01-02,-14.0,34.0,20.0,-8.0,2.0,4.0
2022-01-03,-9.0,43.0,13.0,-5.0,-5.0,7.0
2022-01-04,-9.0,43.0,5.0,-6.0,-4.0,7.0
2022-01-05,-7.0,43.0,12.0,-5.0,-1.0,7.0
2022-01-06,-8.0,47.0,12.0,-6.0,-1.0,7.0
2022-01-07,-6.0,50.0,1.0,-5.0,3.0,7.0
2022-01-08,-8.0,41.0,-12.0,-6.0,12.0,7.0
2022-01-09,-16.0,35.0,-19.0,-15.0,12.0,8.0
2022-01-10,-5.0,47.0,-6.0,-2.0,6.0,6.0
2022-01-11,-9.0,41.0,-5.0,-6.0,2.0,6.0
2022-01-12,-7.0,39.0,8.0,-5.0,3.0,7.0
2022-01-13,-8.0,42.0,11.0,-5.0,3.0,6.0
2022-01-14,-7.0,43.0,8.0,-3.0,6.0,6.0
2022-01-15,-8.0,37.0,1.0,-2.0,14.0,5.0
2022-01-16,-12.0,36.0,2.0,-9.0,13.0,5.0
2022-01-17,-8.0,40.0,1.0,-3.0,6.0,5.0
2022-01-18,-9.0,39.0,3.0,-4.0,3.0,6.0
2022-01-19,-4.0,39.0,11.0,-4.0,4.0,6.0
2022-01-20,-6.0,44.0,20.0,-6.0,0.0,6.0
2022-01-21,-3.0,47.0,12.0,-1.0,7.0,6.0
2022-01-22,-5.0,40.0,10.0,0.0,15.0,4.0
2022-01-23,-8.0,38.0,8.0,-5.0,14.0,4.0
2022-01-24,-7.0,39.0,1.0,-3.0,9.0,5.0
2022-01-25,-7.0,40.0,2.0,-7.0,2.0,6.0
2022-01-26,-6.0,37.0,5.0,-2.0,7.0,6.0
2022-01-27,-7.0,41.0,3.0,-2.0,8.0,5.0
2022-01-28,-6.0,43.0,-8.0,-1.0,12.0,6.0
2022-01-29,-7.0,38.0,-19.0,-5.0,17.0,6.0
2022-01-30,-13.0,35.0,-22.0,-13.0,14.0,6.0
2022-01-31,-6.0,43.0,-14.0,-1.0,14.0,5.0
2022-02-01,-3.0,48.0,-10.0,1.0,11.0,4.0
2022-02-02,-2.0,44.0,0.0,1.0,12.0,5.0
2022-02-03,-2.0,49.0,3.0,4.0,16.0,4.0
2022-02-04,4.0,54.0,-1.0,8.0,20.0,3.0
2022-02-05,7.0,53.0,-4.0,7.0,21.0,3.0
2022-02-06,-1.0,48.0,-7.0,-2.0,19.0,4.0
2022-02-07,1.0,50.0,-9.0,7.0,21.0,2.0
2022-02-08,0.0,50.0,-8.0,7.0,17.0,2.0
2022-02-09,2.0,46.0,1.0,8.0,18.0,3.0
2022-02-10,2.0,51.0,5.0,9.0,19.0,2.0
2022-02-11,3.0,49.0,1.0,11.0,23.0,2.0
2022-02-12,3.0,45.0,-5.0,6.0,21.0,3.0
2022-02-13,-1.0,44.0,-3.0,0.0,20.0,3.0
2022-02-14,-2.0,43.0,-4.0,10.0,24.0,2.0
2022-02-15,-2.0,45.0,-5.0,9.0,20.0,2.0
2022-02-16,0.0,43.0,4.0,9.0,21.0,2.0
2022-02-17,-1.0,45.0,4.0,9.0,22.0,1.0
2022-02-18,2.0,48.0,0.0,10.0,27.0,1.0
2022-02-19,3.0,45.0,-2.0,5.0,23.0,2.0
2022-02-20,-2.0,44.0,-3.0,-2.0,21.0,3.0
2022-02-21,-4.0,42.0,-7.0,9.0,27.0,1.0
2022-02-22,-3.0,43.0,-4.0,9.0,24.0,1.0
2022-02-23,-1.0,41.0,5.0,8.0,25.0,1.0
2022-02-24,-1.0,47.0,9.0,9.0,26.0,0.0
2022-02-25,3.0,56.0,10.0,12.0,29.0,0.0
2022-02-26,1.0,51.0,21.0,7.0,19.0,0.0
2022-02-27,0.0,48.0,40.0,-5.0,17.0,0.0
2022-02-28,-9.0,37.0,60.0,-23.0,-26.0,6.0
2022-03-01,-25.0,15.0,42.0,-34.0,-44.0,9.0
2022-03-02,-9.0,37.0,13.0,-9.0,1.0,5.0
2022-03-03,-5.0,48.0,11.0,4.0,23.0,1.0
2022-03-04,0.0,50.0,4.0,4.0,28.0,2.0
2022-03-05,5.0,51.0,2.0,1.0,25.0,2.0
2022-03-06,-1.0,47.0,1.0,-6.0,23.0,3.0
2022-03-07,-2.0,47.0,-2.0,8.0,31.0,1.0
2022-03-08,2.0,50.0,3.0,7.0,27.0,1.0
2022-03-09,-1.0,44.0,9.0,5.0,28.0,2.0
2022-03-10,-2.0,47.0,12.0,5.0,30.0,2.0
2022-03-11,-2.0,44.0,5.0,5.0,33.0,2.0
2022-03-12,2.0,44.0,-2.0,-1.0,25.0,4.0
2022-03-13,-5.0,41.0,-6.0,-8.0,22.0,5.0
2022-03-14,-9.0,35.0,-6.0,4.0,34.0,3.0
2022-03-15,-7.0,39.0,-4.0,5.0,29.0,3.0
2022-03-16,-5.0,37.0,5.0,4.0,29.0,3.0
2022-03-17,-4.0,42.0,13.0,5.0,30.0,2.0
2022-03-18,-1.0,44.0,10.0,7.0,34.0,2.0
2022-03-19,2.0,43.0,4.0,0.0,22.0,3.0
2022-03-20,-6.0,42.0,-6.0,-9.0,20.0,5.0
2022-03-21,-9.0,38.0,-9.0,4.0,35.0,3.0
2022-03-22,-8.0,39.0,-4.0,4.0,30.0,3.0
2022-03-23,-5.0,36.0,4.0,4.0,31.0,3.0
2022-03-24,-6.0,40.0,8.0,5.0,32.0,2.0
2022-03-25,-3.0,43.0,8.0,5.0,34.0,2.0
2022-03-26,0.0,42.0,5.0,-1.0,25.0,3.0
2022-03-27,-6.0,41.0,-1.0,-7.0,20.0,4.0
2022-03-28,-11.0,34.0,-5.0,4.0,37.0,3.0
2022-03-29,-9.0,37.0,-3.0,2.0,32.0,2.0
2022-03-30,-6.0,38.0,4.0,3.0,33.0,2.0
2022-03-31,-6.0,47.0,3.0,3.0,34.0,2.0
2022-04-01,-3.0,49.0,-3.0,4.0,38.0,1.0
2022-04-02,2.0,49.0,-8.0,-4.0,24.0,3.0
2022-04-03,-4.0,48.0,-11.0,-9.0,21.0,4.0
2022-04-04,-7.0,40.0,-5.0,6.0,38.0,2.0
2022-04-05,-5.0,44.0,-3.0,5.0,33.0,1.0
2022-04-06,0.0,46.0,7.0,6.0,34.0,1.0
2022-04-07,2.0,54.0,12.0,9.0,35.0,1.0
2022-04-08,5.0,54.0,7.0,11.0,38.0,1.0
2022-04-09,11.0,55.0,5.0,8.0,28.0,2.0
2022-04-10,6.0,57.0,7.0,1.0,23.0,3.0
2022-04-11,-2.0,48.0,-2.0,10.0,40.0,2.0
2022-04-12,-2.0,47.0,-1.0,8.0,34.0,2.0
2022-04-13,4.0,50.0,11.0,9.0,33.0,2.0
2022-04-14,11.0,74.0,23.0,9.0,16.0,1.0
2022-04-15,-34.0,17.0,28.0,-41.0,-61.0,16.0
2022-04-16,0.0,53.0,15.0,-10.0,6.0,5.0
2022-04-17,-11.0,39.0,-3.0,-3.0,19.0,1.0
2022-04-18,-7.0,37.0,-4.0,8.0,36.0,3.0
2022-04-19,-6.0,38.0,-1.0,6.0,32.0,2.0
2022-04-20,6.0,48.0,15.0,9.0,31.0,0.0
2022-04-21,-18.0,25.0,42.0,-34.0,-46.0,14.0
2022-04-22,0.0,48.0,24.0,-10.0,2.0,7.0
2022-04-23,-3.0,39.0,14.0,-4.0,18.0,4.0
2022-04-24,-2.0,44.0,10.0,0.0,22.0,3.0
2022-04-25,-8.0,40.0,-4.0,9.0,39.0,3.0
2022-04-26,-7.0,41.0,-3.0,9.0,36.0,2.0
2022-04-27,-4.0,39.0,7.0,8.0,36.0,2.0
2022-04-28,-5.0,44.0,9.0,8.0,37.0,2.0
2022-04-29,0.0,51.0,4.0,9.0,40.0,1.0
2022-04-30,4.0,53.0,-6.0,0.0,29.0,3.0
2022-05-01,0.0,45.0,3.0,-3.0,21.0,4.0
2022-05-02,-5.0,48.0,-7.0,9.0,41.0,2.0
2022-05-03,-5.0,46.0,-8.0,8.0,35.0,2.0
2022-05-04,-1.0,44.0,-3.0,6.0,36.0,2.0
2022-05-05,3.0,55.0,6.0,9.0,38.0,1.0
2022-05-06,12.0,63.0,6.0,12.0,41.0,0.0
2022-05-07,23.0,74.0,1.0,10.0,29.0,1.0
2022-05-08,12.0,71.0,-6.0,3.0,31.0,0.0
2022-05-09,-2.0,48.0,-5.0,10.0,41.0,2.0
2022-05-10,-2.0,48.0,-5.0,9.0,36.0,2.0
2022-05-11,-1.0,44.0,3.0,8.0,36.0,2.0
2022-05-12,-2.0,48.0,8.0,8.0,37.0,1.0
2022-05-13,2.0,49.0,7.0,9.0,40.0,1.0
2022-05-14,7.0,49.0,0.0,4.0,27.0,3.0
2022-05-15,-2.0,48.0,-9.0,-5.0,21.0,5.0
2022-05-16,-6.0,43.0,-7.0,8.0,41.0,2.0
2022-05-17,-7.0,42.0,-8.0,6.0,36.0,3.0
2022-05-18,-6.0,40.0,-2.0,3.0,35.0,4.0
2022-05-19,-5.0,46.0,2.0,5.0,36.0,3.0
2022-05-20,-1.0,51.0,0.0,7.0,40.0,2.0
2022-05-21,5.0,51.0,-2.0,2.0,26.0,3.0
2022-05-22,-2.0,51.0,-3.0,-6.0,22.0,5.0
2022-05-23,-7.0,42.0,-7.0,7.0,42.0,3.0
2022-05-24,-7.0,42.0,-5.0,6.0,36.0,3.0
2022-05-25,-4.0,42.0,3.0,6.0,36.0,3.0
2022-05-26,-5.0,46.0,7.0,7.0,37.0,2.0
2022-05-27,-2.0,49.0,2.0,8.0,40.0,2.0
2022-05-28,0.0,47.0,-4.0,1.0,26.0,3.0
2022-05-29,-5.0,48.0,-7.0,-5.0,22.0,5.0
2022-05-30,-10.0,42.0,-11.0,5.0,42.0,3.0
2022-05-31,-8.0,48.0,-11.0,4.0,37.0,3.0
2022-06-01,-4.0,49.0,-1.0,5.0,37.0,3.0
2022-06-02,-4.0,53.0,1.0,6.0,38.0,3.0
2022-06-03,0.0,55.0,0.0,7.0,41.0,2.0
2022-06-04,6.0,57.0,-7.0,1.0,27.0,3.0
2022-06-05,-1.0,56.0,-9.0,-5.0,22.0,5.0
2022-06-06,-3.0,51.0,-7.0,9.0,43.0,3.0
2022-06-07,-1.0,54.0,-5.0,8.0,37.0,3.0
2022-06-08,2.0,51.0,4.0,8.0,37.0,3.0
2022-06-09,0.0,53.0,6.0,8.0,38.0,3.0
2022-06-10,4.0,55.0,2.0,9.0,41.0,2.0
2022-06-11,10.0,55.0,-5.0,4.0,30.0,3.0
2022-06-12,13.0,57.0,0.0,-3.0,23.0,5.0
2022-06-13,-5.0,44.0,-3.0,7.0,38.0,3.0
2022-06-14,-6.0,44.0,-6.0,3.0,36.0,3.0
2022-06-15,7.0,53.0,12.0,11.0,36.0,1.0
2022-06-16,-16.0,31.0,36.0,-30.0,-43.0,14.0
2022-06-17,1.0,54.0,15.0,-8.0,3.0,8.0
2022-06-18,-1.0,46.0,3.0,-5.0,20.0,5.0
2022-06-19,-7.0,44.0,-7.0,-5.0,20.0,5.0
2022-06-20,-6.0,48.0,-5.0,9.0,41.0,3.0
2022-06-21,-6.0,47.0,-3.0,6.0,36.0,3.0
2022-06-22,-4.0,45.0,6.0,6.0,35.0,3.0
2022-06-23,-3.0,53.0,18.0,6.0,33.0,3.0
2022-06-24,-5.0,44.0,13.0,2.0,27.0,4.0
2022-06-25,-1.0,48.0,3.0,0.0,26.0,4.0
2022-06-26,-8.0,45.0,-9.0,-10.0,21.0,6.0
2022-06-27,-9.0,42.0,-6.0,5.0,39.0,4.0
2022-06-28,-7.0,44.0,-2.0,5.0,34.0,4.0
2022-06-29,-6.0,41.0,6.0,0.0,30.0,5.0
2022-06-30,-1.0,56.0,11.0,6.0,34.0,3.0
2022-07-01,2.0,59.0,8.0,8.0,35.0,3.0
2022-07-02,4.0,56.0,5.0,4.0,26.0,4.0
2022-07-03,0.0,56.0,3.0,-2.0,22.0,5.0
2022-07-04,-5.0,49.0,-3.0,6.0,33.0,4.0
2022-07-05,-2.0,51.0,1.0,6.0,29.0,4.0
2022-07-06,4.0,54.0,12.0,7.0,29.0,4.0
2022-07-07,5.0,60.0,16.0,8.0,29.0,3.0
2022-07-08,6.0,59.0,13.0,10.0,31.0,3.0
2022-07-09,8.0,56.0,14.0,6.0,20.0,3.0
2022-07-10,6.0,58.0,14.0,3.0,22.0,3.0
2022-07-11,0.0,50.0,5.0,7.0,27.0,4.0
2022-07-12,-2.0,46.0,4.0,5.0,23.0,4.0
2022-07-13,0.0,44.0,10.0,3.0,23.0,5.0
2022-07-14,-1.0,47.0,16.0,5.0,23.0,5.0
2022-07-15,1.0,46.0,17.0,5.0,25.0,5.0
2022-07-16,4.0,49.0,15.0,6.0,23.0,3.0
2022-07-17,2.0,51.0,13.0,0.0,21.0,4.0
2022-07-18,-4.0,43.0,6.0,4.0,23.0,9.0
2022-07-19,-3.0,43.0,8.0,4.0,19.0,10.0
2022-07-20,2.0,46.0,18.0,5.0,20.0,5.0
2022-07-21,1.0,50.0,25.0,6.0,21.0,4.0
2022-07-22,3.0,51.0,25.0,7.0,25.0,4.0
2022-07-23,5.0,50.0,24.0,6.0,25.0,4.0
2022-07-24,1.0,47.0,20.0,0.0,20.0,5.0
2022-07-25,-4.0,45.0,8.0,5.0,27.0,5.0
2022-07-26,-3.0,45.0,10.0,5.0,25.0,4.0
2022-07-27,1.0,46.0,20.0,6.0,28.0,4.0
2022-07-28,1.0,51.0,23.0,7.0,28.0,4.0
2022-07-29,3.0,57.0,13.0,6.0,31.0,4.0
2022-07-30,7.0,57.0,11.0,4.0,27.0,4.0
2022-07-31,5.0,59.0,13.0,0.0,25.0,4.0
2022-08-01,-1.0,55.0,2.0,10.0,40.0,3.0
2022-08-02,-2.0,53.0,0.0,9.0,37.0,3.0
2022-08-03,1.0,50.0,9.0,9.0,38.0,3.0
2022-08-04,2.0,56.0,14.0,10.0,39.0,2.0
2022-08-05,9.0,65.0,14.0,12.0,40.0,2.0
2022-08-06,12.0,63.0,4.0,6.0,27.0,3.0
2022-08-07,3.0,60.0,-2.0,-3.0,23.0,5.0
2022-08-08,-1.0,53.0,-4.0,10.0,42.0,3.0
2022-08-09,-3.0,49.0,-6.0,9.0,38.0,3.0
2022-08-10,0.0,49.0,2.0,7.0,37.0,4.0
2022-08-11,2.0,54.0,10.0,9.0,39.0,3.0
2022-08-12,8.0,60.0,11.0,12.0,42.0,2.0
2022-08-13,14.0,66.0,10.0,8.0,30.0,3.0
2022-08-14,6.0,67.0,10.0,3.0,29.0,3.0
2022-08-15,-3.0,47.0,9.0,9.0,33.0,6.0
2022-08-16,-2.0,50.0,5.0,12.0,38.0,5.0
2022-08-17,1.0,47.0,14.0,12.0,40.0,6.0
2022-08-18,-1.0,50.0,15.0,10.0,40.0,6.0
2022-08-19,0.0,52.0,6.0,7.0,43.0,6.0
2022-08-20,5.0,54.0,1.0,0.0,30.0,7.0
2022-08-21,1.0,54.0,1.0,-6.0,25.0,8.0
2022-08-22,-2.0,49.0,3.0,12.0,45.0,6.0
2022-08-23,-1.0,48.0,5.0,12.0,41.0,6.0
2022-08-24,1.0,47.0,16.0,11.0,41.0,6.0
2022-08-25,1.0,52.0,22.0,12.0,42.0,5.0
2022-08-26,4.0,54.0,20.0,12.0,44.0,5.0
2022-08-27,8.0,53.0,19.0,5.0,31.0,6.0
2022-08-28,0.0,54.0,8.0,-3.0,26.0,6.0
2022-08-29,-7.0,43.0,-4.0,7.0,45.0,5.0
2022-08-30,-3.0,48.0,-1.0,8.0,41.0,4.0
2022-08-31,3.0,53.0,11.0,10.0,42.0,3.0
2022-09-01,5.0,62.0,19.0,12.0,42.0,1.0
2022-09-02,7.0,60.0,13.0,12.0,44.0,1.0
2022-09-03,9.0,60.0,7.0,4.0,29.0,3.0
2022-09-04,0.0,57.0,-2.0,-9.0,23.0,6.0
2022-09-05,1.0,53.0,4.0,10.0,45.0,2.0
2022-09-06,12.0,66.0,11.0,13.0,40.0,0.0
2022-09-07,-10.0,32.0,49.0,-35.0,-50.0,16.0
2022-09-08,7.0,63.0,28.0,12.0,36.0,2.0
2022-09-09,10.0,61.0,25.0,13.0,40.0,2.0
2022-09-10,12.0,59.0,18.0,7.0,29.0,3.0
2022-09-11,4.0,57.0,6.0,-2.0,26.0,4.0
2022-09-12,0.0,50.0,0.0,13.0,48.0,2.0
2022-09-13,1.0,50.0,5.0,12.0,41.0,2.0
2022-09-14,0.0,46.0,8.0,8.0,39.0,3.0
2022-09-15,2.0,54.0,13.0,9.0,39.0,1.0
2022-09-16,3.0,52.0,7.0,7.0,40.0,2.0
2022-09-17,9.0,55.0,9.0,2.0,29.0,3.0
2022-09-18,6.0,57.0,12.0,-3.0,24.0,4.0
2022-09-19,-2.0,46.0,3.0,10.0,42.0,3.0
2022-09-20,0.0,51.0,10.0,9.0,33.0,2.0
2022-09-21,2.0,48.0,12.0,9.0,39.0,2.0
2022-09-22,0.0,52.0,13.0,9.0,39.0,2.0
2022-09-23,5.0,56.0,15.0,10.0,42.0,2.0
2022-09-24,10.0,56.0,17.0,5.0,30.0,3.0
2022-09-25,3.0,56.0,8.0,-4.0,23.0,5.0
2022-09-26,-7.0,43.0,-3.0,6.0,43.0,3.0
2022-09-27,-4.0,46.0,1.0,7.0,39.0,2.0
2022-09-28,-4.0,43.0,2.0,3.0,38.0,3.0
2022-09-29,0.0,52.0,10.0,6.0,39.0,2.0
2022-09-30,5.0,60.0,6.0,7.0,39.0,3.0
2022-10-01,12.0,68.0,2.0,2.0,30.0,4.0
2022-10-02,12.0,87.0,10.0,14.0,40.0,2.0
2022-10-03,-3.0,50.0,-1.0,7.0,40.0,3.0
2022-10-04,0.0,53.0,1.0,9.0,39.0,2.0
2022-10-05,5.0,54.0,13.0,9.0,39.0,2.0
2022-10-06,5.0,60.0,14.0,9.0,41.0,1.0
2022-10-07,11.0,64.0,14.0,10.0,42.0,1.0
2022-10-08,18.0,64.0,21.0,9.0,30.0,1.0
2022-10-09,7.0,60.0,9.0,-4.0,23.0,4.0
2022-10-10,4.0,54.0,3.0,8.0,38.0,2.0
2022-10-11,16.0,62.0,16.0,11.0,33.0,0.0
2022-10-12,0.0,33.0,64.0,-35.0,-52.0,14.0
2022-10-13,4.0,55.0,24.0,8.0,34.0,1.0
2022-10-14,6.0,56.0,17.0,8.0,35.0,2.0
2022-10-15,9.0,54.0,14.0,2.0,26.0,3.0
2020-02-15,5.0,4.0,-5.0,8.0,6.0,0.0
2020-02-16,2.0,3.0,-13.0,3.0,0.0,1.0
2020-02-17,-2.0,0.0,-12.0,9.0,19.0,-1.0
2020-02-18,-3.0,-1.0,-11.0,9.0,15.0,-1.0
2020-02-19,-1.0,-2.0,-5.0,8.0,14.0,-1.0
2020-02-20,1.0,7.0,2.0,11.0,15.0,-2.0
2020-02-21,2.0,10.0,1.0,12.0,13.0,-1.0
2020-02-22,-3.0,6.0,12.0,6.0,-4.0,0.0
2020-02-23,4.0,7.0,32.0,2.0,-3.0,1.0
2020-02-24,-14.0,-7.0,69.0,-27.0,-45.0,8.0
2020-02-25,-31.0,-29.0,51.0,-35.0,-61.0,10.0
2020-02-26,-18.0,-11.0,-8.0,-17.0,-18.0,6.0
2020-02-27,-8.0,2.0,-11.0,1.0,10.0,1.0
2020-02-28,-5.0,3.0,-17.0,2.0,13.0,1.0
2020-02-29,-3.0,5.0,-23.0,-2.0,5.0,3.0
2020-03-01,-9.0,3.0,-34.0,-10.0,-1.0,5.0
2020-03-02,-6.0,1.0,-25.0,6.0,20.0,0.0
2020-03-03,-5.0,2.0,-21.0,6.0,15.0,-1.0
2020-03-04,-1.0,2.0,-11.0,7.0,16.0,-1.0
2020-03-05,0.0,7.0,-5.0,10.0,18.0,-2.0
2020-03-06,6.0,11.0,-7.0,13.0,18.0,-2.0
2020-03-07,9.0,13.0,-14.0,8.0,7.0,0.0
2020-03-08,8.0,11.0,-17.0,2.0,3.0,1.0
2020-03-09,1.0,5.0,-12.0,12.0,21.0,-2.0
2020-03-10,0.0,5.0,-11.0,11.0,17.0,-2.0
2020-03-11,1.0,2.0,-6.0,10.0,17.0,-1.0
2020-03-12,-2.0,4.0,-5.0,10.0,17.0,-2.0
2020-03-13,0.0,7.0,-8.0,10.0,18.0,-2.0
2020-03-14,-2.0,7.0,-15.0,0.0,6.0,1.0
2020-03-15,-8.0,7.0,-21.0,-7.0,0.0,3.0
2020-03-16,-11.0,6.0,-23.0,-4.0,14.0,1.0
2020-03-17,-19.0,7.0,-28.0,-15.0,3.0,4.0
2020-03-18,-25.0,5.0,-28.0,-22.0,-6.0,7.0
2020-03-19,-36.0,2.0,-34.0,-31.0,-17.0,10.0
2020-03-20,-45.0,0.0,-45.0,-37.0,-21.0,13.0
2020-03-21,-63.0,-16.0,-66.0,-50.0,-30.0,16.0
2020-03-22,-72.0,-33.0,-75.0,-60.0,-34.0,17.0
2020-03-23,-65.0,-26.0,-61.0,-58.0,-42.0,20.0
2020-03-24,-71.0,-33.0,-62.0,-63.0,-51.0,22.0
2020-03-25,-69.0,-32.0,-57.0,-63.0,-52.0,23.0
2020-03-26,-69.0,-29.0,-54.0,-62.0,-50.0,22.0
2020-03-27,-67.0,-26.0,-56.0,-60.0,-48.0,23.0
2020-03-28,-70.0,-27.0,-64.0,-59.0,-41.0,19.0
2020-03-29,-71.0,-35.0,-70.0,-62.0,-34.0,17.0
2020-03-30,-62.0,-26.0,-55.0,-59.0,-43.0,20.0
2020-03-31,-60.0,-21.0,-53.0,-58.0,-45.0,19.0
2020-04-01,-58.0,-19.0,-48.0,-57.0,-45.0,20.0
2020-04-02,-59.0,-17.0,-48.0,-57.0,-45.0,20.0
2020-04-03,-60.0,-14.0,-52.0,-55.0,-42.0,20.0
2020-04-04,-63.0,-13.0,-60.0,-53.0,-35.0,16.0
2020-04-05,-67.0,-24.0,-66.0,-57.0,-30.0,15.0
2020-04-06,-56.0,-14.0,-53.0,-53.0,-38.0,18.0
2020-04-07,-53.0,-8.0,-50.0,-53.0,-40.0,17.0
2020-04-08,-52.0,-7.0,-46.0,-52.0,-40.0,18.0
2020-04-09,-49.0,11.0,-40.0,-49.0,-41.0,16.0
2020-04-10,-76.0,-38.0,-58.0,-69.0,-72.0,27.0
2020-04-11,-59.0,-5.0,-59.0,-52.0,-36.0,16.0
2020-04-12,-67.0,-25.0,-67.0,-55.0,-26.0,13.0
2020-04-13,-54.0,-19.0,-52.0,-53.0,-35.0,17.0
2020-04-14,-56.0,-20.0,-54.0,-55.0,-39.0,18.0
2020-04-15,-54.0,-17.0,-47.0,-53.0,-38.0,18.0
2020-04-16,-56.0,-14.0,-46.0,-53.0,-38.0,18.0
2020-04-17,-55.0,-11.0,-50.0,-51.0,-36.0,19.0
2020-04-18,-61.0,-15.0,-59.0,-50.0,-28.0,15.0
2020-04-19,-67.0,-23.0,-64.0,-56.0,-25.0,14.0
2020-04-20,-53.0,-11.0,-47.0,-53.0,-39.0,17.0
2020-04-21,-71.0,-37.0,-51.0,-68.0,-67.0,23.0
2020-04-22,-53.0,-15.0,-45.0,-51.0,-34.0,17.0
2020-04-23,-56.0,-17.0,-44.0,-54.0,-36.0,18.0
2020-04-24,-55.0,-14.0,-48.0,-50.0,-32.0,18.0
2020-04-25,-59.0,-14.0,-55.0,-48.0,-25.0,15.0
2020-04-26,-65.0,-22.0,-61.0,-54.0,-23.0,14.0
2020-04-27,-54.0,-19.0,-50.0,-51.0,-30.0,17.0
2020-04-28,-53.0,-16.0,-48.0,-50.0,-33.0,13.0
2020-04-29,-52.0,-15.0,-43.0,-50.0,-32.0,17.0
2020-04-30,-48.0,3.0,-37.0,-46.0,-31.0,14.0
2020-05-01,-71.0,-33.0,-49.0,-66.0,-66.0,25.0
2020-05-02,-57.0,-7.0,-54.0,-50.0,-27.0,15.0
2020-05-03,-65.0,-21.0,-62.0,-54.0,-21.0,13.0
2020-05-04,-50.0,-10.0,-48.0,-48.0,-27.0,15.0
2020-05-05,-50.0,-7.0,-47.0,-48.0,-31.0,16.0
2020-05-06,-49.0,-6.0,-44.0,-48.0,-31.0,16.0
2020-05-07,-48.0,1.0,-43.0,-47.0,-31.0,16.0
2020-05-08,-46.0,7.0,-43.0,-43.0,-28.0,16.0
2020-05-09,-47.0,10.0,-52.0,-40.0,-19.0,13.0
2020-05-10,-59.0,-4.0,-62.0,-45.0,-5.0,10.0
2020-05-11,-49.0,-11.0,-47.0,-47.0,-27.0,16.0
2020-05-12,-51.0,-11.0,-49.0,-48.0,-31.0,16.0
2020-05-13,-51.0,-14.0,-46.0,-49.0,-31.0,17.0
2020-05-14,-52.0,-12.0,-46.0,-49.0,-31.0,16.0
2020-05-15,-52.0,-7.0,-49.0,-48.0,-29.0,18.0
2020-05-16,-55.0,-8.0,-56.0,-46.0,-21.0,15.0
2020-05-17,-63.0,-17.0,-61.0,-52.0,-16.0,14.0
2020-05-18,-50.0,-13.0,-48.0,-48.0,-26.0,16.0
2020-05-19,-51.0,-13.0,-48.0,-48.0,-29.0,16.0
2020-05-20,-50.0,-8.0,-43.0,-49.0,-31.0,17.0
2020-05-21,-51.0,-7.0,-43.0,-49.0,-31.0,17.0
2020-05-22,-52.0,-6.0,-49.0,-47.0,-28.0,17.0
2020-05-23,-56.0,-7.0,-60.0,-47.0,-20.0,15.0
2020-05-24,-66.0,-18.0,-67.0,-54.0,-17.0,14.0
2020-05-25,-53.0,-12.0,-50.0,-52.0,-34.0,18.0
2020-05-26,-50.0,-9.0,-49.0,-47.0,-28.0,16.0
2020-05-27,-48.0,-8.0,-43.0,-46.0,-27.0,16.0
2020-05-28,-48.0,-4.0,-42.0,-45.0,-27.0,16.0
2020-05-29,-47.0,3.0,-43.0,-42.0,-24.0,16.0
2020-05-30,-50.0,2.0,-51.0,-40.0,-12.0,12.0
2020-05-31,-60.0,-9.0,-58.0,-47.0,-8.0,12.0
2020-06-01,-45.0,-3.0,-47.0,-43.0,-21.0,14.0
2020-06-02,-46.0,-4.0,-48.0,-45.0,-25.0,15.0
2020-06-03,-44.0,-3.0,-41.0,-43.0,-24.0,16.0
2020-06-04,-45.0,0.0,-41.0,-42.0,-24.0,15.0
2020-06-05,-42.0,9.0,-44.0,-38.0,-21.0,15.0
2020-06-06,-45.0,8.0,-52.0,-36.0,-11.0,12.0
2020-06-07,-56.0,-5.0,-58.0,-45.0,-6.0,12.0
2020-06-08,-39.0,1.0,-42.0,-39.0,-19.0,14.0
2020-06-09,-42.0,-2.0,-45.0,-41.0,-23.0,14.0
2020-06-10,-36.0,5.0,-36.0,-38.0,-22.0,13.0
2020-06-11,-54.0,-13.0,-37.0,-51.0,-51.0,20.0
2020-06-12,-33.0,14.0,-33.0,-37.0,-27.0,15.0
2020-06-13,-46.0,-2.0,-46.0,-38.0,-11.0,12.0
2020-06-14,-57.0,-12.0,-59.0,-47.0,-5.0,12.0
2020-06-15,-40.0,-4.0,-46.0,-40.0,-19.0,14.0
2020-06-16,-41.0,-4.0,-44.0,-40.0,-22.0,14.0
2020-06-17,-40.0,-4.0,-38.0,-40.0,-22.0,15.0
2020-06-18,-41.0,-3.0,-37.0,-40.0,-22.0,14.0
2020-06-19,-41.0,1.0,-40.0,-37.0,-20.0,14.0
2020-06-20,-44.0,2.0,-45.0,-34.0,-7.0,11.0
2020-06-21,-54.0,-8.0,-49.0,-42.0,-1.0,11.0
2020-06-22,-40.0,-5.0,-41.0,-38.0,-19.0,14.0
2020-06-23,-40.0,-2.0,-39.0,-38.0,-22.0,14.0
2020-06-24,-43.0,-8.0,-36.0,-40.0,-24.0,15.0
2020-06-25,-43.0,-3.0,-38.0,-39.0,-22.0,14.0
2020-06-26,-43.0,1.0,-43.0,-38.0,-20.0,15.0
2020-06-27,-50.0,-3.0,-56.0,-42.0,-12.0,14.0
2020-06-28,-57.0,-12.0,-59.0,-47.0,-5.0,13.0
2020-06-29,-42.0,-6.0,-47.0,-40.0,-19.0,14.0
2020-06-30,-39.0,2.0,-44.0,-38.0,-22.0,13.0
2020-07-01,-38.0,4.0,-39.0,-38.0,-22.0,13.0
2020-07-02,-38.0,8.0,-36.0,-37.0,-22.0,14.0
2020-07-03,-37.0,11.0,-39.0,-34.0,-19.0,14.0
2020-07-04,-40.0,12.0,-45.0,-31.0,-7.0,11.0
2020-07-05,-51.0,-4.0,-53.0,-41.0,-3.0,11.0
2020-07-06,-35.0,7.0,-40.0,-35.0,-18.0,13.0
2020-07-07,-34.0,9.0,-39.0,-34.0,-22.0,13.0
2020-07-08,-34.0,6.0,-34.0,-34.0,-21.0,13.0
2020-07-09,-36.0,8.0,-33.0,-35.0,-21.0,13.0
2020-07-10,-34.0,12.0,-35.0,-31.0,-18.0,13.0
2020-07-11,-40.0,8.0,-43.0,-30.0,-7.0,10.0
2020-07-12,-50.0,-6.0,-47.0,-38.0,-3.0,10.0
2020-07-13,-35.0,0.0,-38.0,-34.0,-17.0,13.0
2020-07-14,-37.0,-1.0,-41.0,-37.0,-21.0,13.0
2020-07-15,-34.0,2.0,-36.0,-36.0,-20.0,14.0
2020-07-16,-36.0,4.0,-35.0,-35.0,-20.0,14.0
2020-07-17,-35.0,7.0,-35.0,-32.0,-17.0,13.0
2020-07-18,-39.0,7.0,-40.0,-30.0,-6.0,11.0
2020-07-19,-47.0,-5.0,-42.0,-37.0,-2.0,10.0
2020-07-20,-33.0,3.0,-35.0,-33.0,-16.0,12.0
2020-07-21,-34.0,2.0,-34.0,-34.0,-20.0,13.0
2020-07-22,-33.0,2.0,-28.0,-33.0,-18.0,13.0
2020-07-23,-34.0,4.0,-25.0,-33.0,-18.0,13.0
2020-07-24,-34.0,8.0,-29.0,-30.0,-16.0,13.0
2020-07-25,-38.0,7.0,-35.0,-28.0,-6.0,10.0
2020-07-26,-47.0,-6.0,-43.0,-37.0,-2.0,10.0
2020-07-27,-33.0,1.0,-34.0,-33.0,-16.0,12.0
2020-07-28,-35.0,1.0,-34.0,-33.0,-19.0,12.0
2020-07-29,-34.0,1.0,-34.0,-35.0,-19.0,13.0
2020-07-30,-34.0,5.0,-34.0,-35.0,-19.0,13.0
2020-07-31,-30.0,15.0,-33.0,-29.0,-15.0,12.0
2020-08-01,-32.0,16.0,-36.0,-26.0,-4.0,10.0
2020-08-02,-42.0,1.0,-39.0,-34.0,-1.0,9.0
2020-08-03,-28.0,8.0,-33.0,-30.0,-14.0,11.0
2020-08-04,-28.0,9.0,-31.0,-30.0,-18.0,12.0
2020-08-05,-25.0,11.0,-25.0,-29.0,-17.0,12.0
2020-08-06,-24.0,17.0,-21.0,-27.0,-17.0,11.0
2020-08-07,-21.0,22.0,-23.0,-23.0,-13.0,10.0
2020-08-08,-21.0,26.0,-29.0,-18.0,-1.0,7.0
2020-08-09,-39.0,9.0,-39.0,-27.0,9.0,6.0
2020-08-10,-25.0,8.0,-29.0,-28.0,-14.0,10.0
2020-08-11,-27.0,7.0,-29.0,-29.0,-17.0,11.0
2020-08-12,-27.0,5.0,-26.0,-29.0,-16.0,12.0
2020-08-13,-28.0,8.0,-24.0,-29.0,-16.0,11.0
2020-08-14,-26.0,12.0,-25.0,-25.0,-13.0,11.0
2020-08-15,-30.0,10.0,-32.0,-25.0,-5.0,9.0
2020-08-16,-40.0,-3.0,-42.0,-36.0,-3.0,9.0
2020-08-17,-30.0,3.0,-37.0,-30.0,-13.0,11.0
2020-08-18,-31.0,2.0,-37.0,-32.0,-15.0,11.0
2020-08-19,-29.0,3.0,-29.0,-30.0,-15.0,11.0
2020-08-20,-31.0,6.0,-32.0,-31.0,-16.0,11.0
2020-08-21,-32.0,6.0,-39.0,-32.0,-14.0,12.0
2020-08-22,-32.0,8.0,-43.0,-30.0,-4.0,10.0
2020-08-23,-40.0,-1.0,-44.0,-35.0,0.0,10.0
2020-08-24,-27.0,4.0,-33.0,-28.0,-10.0,11.0
2020-08-25,-27.0,6.0,-31.0,-28.0,-14.0,10.0
2020-08-26,-25.0,6.0,-24.0,-28.0,-13.0,10.0
2020-08-27,-27.0,8.0,-21.0,-27.0,-12.0,10.0
2020-08-28,-24.0,13.0,-23.0,-23.0,-10.0,9.0
2020-08-29,-25.0,13.0,-24.0,-20.0,1.0,7.0
2020-08-30,-33.0,4.0,-27.0,-26.0,2.0,7.0
2020-08-31,-27.0,7.0,-32.0,-27.0,-10.0,9.0
2020-09-01,-26.0,11.0,-31.0,-27.0,-13.0,9.0
2020-09-02,-22.0,11.0,-23.0,-25.0,-12.0,9.0
2020-09-03,-22.0,14.0,-18.0,-23.0,-12.0,9.0
2020-09-04,-18.0,23.0,-17.0,-17.0,-9.0,8.0
2020-09-05,-17.0,24.0,-14.0,-12.0,-2.0,4.0
2020-09-06,-26.0,15.0,-6.0,-23.0,-1.0,5.0
2020-09-07,-44.0,-15.0,3.0,-49.0,-61.0,14.0
2020-09-08,-21.0,15.0,-25.0,-22.0,-15.0,7.0
2020-09-09,-21.0,13.0,-20.0,-23.0,-11.0,9.0
2020-09-10,-20.0,17.0,-13.0,-21.0,-11.0,8.0
2020-09-11,-19.0,17.0,-16.0,-18.0,-9.0,9.0
2020-09-12,-20.0,17.0,-18.0,-15.0,2.0,6.0
2020-09-13,-28.0,8.0,-20.0,-22.0,3.0,6.0
2020-09-14,-23.0,8.0,-24.0,-23.0,-7.0,9.0
2020-09-15,-23.0,11.0,-27.0,-24.0,-11.0,10.0
2020-09-16,-23.0,6.0,-19.0,-24.0,-11.0,10.0
2020-09-17,-24.0,10.0,-17.0,-23.0,-10.0,9.0
2020-09-18,-21.0,14.0,-19.0,-20.0,-7.0,9.0
2020-09-19,-21.0,15.0,-21.0,-16.0,2.0,7.0
2020-09-20,-33.0,4.0,-35.0,-28.0,1.0,8.0
2020-09-21,-27.0,5.0,-35.0,-26.0,-9.0,10.0
2020-09-22,-31.0,3.0,-41.0,-29.0,-13.0,11.0
2020-09-23,-28.0,7.0,-33.0,-25.0,-10.0,10.0
2020-09-24,-28.0,9.0,-28.0,-23.0,-9.0,10.0
2020-09-25,-25.0,15.0,-27.0,-20.0,-6.0,9.0
2020-09-26,-26.0,14.0,-26.0,-17.0,4.0,7.0
2020-09-27,-33.0,4.0,-27.0,-22.0,3.0,7.0
2020-09-28,-31.0,5.0,-36.0,-25.0,-6.0,10.0
2020-09-29,-28.0,9.0,-35.0,-23.0,-9.0,9.0
2020-09-30,-24.0,14.0,-26.0,-21.0,-9.0,8.0
2020-10-01,-24.0,20.0,-20.0,-19.0,-7.0,7.0
2020-10-02,-20.0,21.0,-19.0,-10.0,-5.0,7.0
2020-10-03,-21.0,20.0,-29.0,-6.0,3.0,5.0
2020-10-04,-30.0,10.0,-37.0,-16.0,2.0,6.0
2020-10-05,-23.0,14.0,-30.0,-13.0,-6.0,7.0
2020-10-06,-20.0,19.0,-26.0,-12.0,-8.0,6.0
2020-10-07,-17.0,20.0,-21.0,-12.0,-7.0,7.0
2020-10-08,-18.0,22.0,-22.0,-12.0,-6.0,7.0
2020-10-09,-18.0,21.0,-25.0,-11.0,-5.0,7.0
2020-10-10,-12.0,27.0,-15.0,-1.0,5.0,4.0
2020-10-11,-18.0,20.0,-4.0,-12.0,6.0,5.0
2020-10-12,-34.0,-7.0,16.0,-40.0,-59.0,12.0
2020-10-13,-21.0,15.0,-25.0,-11.0,-8.0,6.0
2020-10-14,-20.0,14.0,-22.0,-12.0,-7.0,9.0
2020-10-15,-21.0,20.0,-24.0,-12.0,-8.0,8.0
2020-10-16,-20.0,20.0,-26.0,-10.0,-4.0,8.0
2020-10-17,-18.0,20.0,-25.0,-4.0,7.0,6.0
2020-10-18,-26.0,11.0,-26.0,-11.0,6.0,7.0
2020-10-19,-28.0,3.0,-31.0,-16.0,-7.0,9.0
2020-10-20,-23.0,15.0,-30.0,-12.0,-7.0,8.0
2020-10-21,-20.0,15.0,-20.0,-11.0,-5.0,9.0
2020-10-22,-20.0,18.0,-17.0,-10.0,-5.0,8.0
2020-10-23,-19.0,20.0,-17.0,-7.0,-2.0,8.0
2020-10-24,-20.0,18.0,-25.0,-4.0,7.0,6.0
2020-10-25,-26.0,12.0,-27.0,-13.0,6.0,7.0
2020-10-26,-24.0,12.0,-28.0,-12.0,-3.0,8.0
2020-10-27,-22.0,14.0,-24.0,-11.0,-6.0,8.0
2020-10-28,-20.0,13.0,-18.0,-12.0,-5.0,8.0
2020-10-29,-21.0,16.0,-24.0,-12.0,-4.0,7.0
2020-10-30,-21.0,21.0,-32.0,-13.0,-7.0,8.0
2020-10-31,-18.0,23.0,-29.0,-7.0,5.0,5.0
2020-11-01,-23.0,19.0,-22.0,-17.0,4.0,6.0
2020-11-02,-43.0,-13.0,-7.0,-46.0,-61.0,15.0
2020-11-03,-22.0,16.0,-33.0,-11.0,-6.0,6.0
2020-11-04,-19.0,16.0,-27.0,-12.0,-5.0,8.0
2020-11-05,-18.0,22.0,-24.0,-11.0,-4.0,7.0
2020-11-06,-14.0,26.0,-22.0,-7.0,-1.0,6.0
2020-11-07,-10.0,27.0,-19.0,1.0,10.0,4.0
2020-11-08,-17.0,19.0,-20.0,-6.0,9.0,5.0
2020-11-09,-19.0,17.0,-33.0,-11.0,-2.0,7.0
2020-11-10,-17.0,19.0,-30.0,-11.0,-5.0,7.0
2020-11-11,-18.0,14.0,-26.0,-12.0,-4.0,8.0
2020-11-12,-17.0,19.0,-21.0,-11.0,-4.0,7.0
2020-11-13,-15.0,21.0,-23.0,-7.0,-1.0,6.0
2020-11-14,-11.0,23.0,-22.0,0.0,10.0,4.0
2020-11-15,-4.0,44.0,-6.0,26.0,22.0,2.0
2020-11-16,-21.0,11.0,-30.0,-13.0,-3.0,7.0
2020-11-17,-22.0,12.0,-33.0,-14.0,-5.0,8.0
2020-11-18,-22.0,9.0,-34.0,-16.0,-5.0,9.0
2020-11-19,-19.0,17.0,-30.0,-14.0,-5.0,8.0
2020-11-20,-19.0,19.0,-26.0,-18.0,-13.0,9.0
2020-11-21,-13.0,20.0,-24.0,-5.0,6.0,5.0
2020-11-22,-20.0,12.0,-27.0,-10.0,6.0,5.0
2020-11-23,-20.0,12.0,-32.0,-13.0,-1.0,7.0
2020-11-24,-20.0,13.0,-31.0,-13.0,-5.0,7.0
2020-11-25,-17.0,14.0,-24.0,-13.0,-3.0,8.0
2020-11-26,-17.0,19.0,-22.0,-13.0,-3.0,7.0
2020-11-27,-9.0,30.0,-24.0,-8.0,0.0,6.0
2020-11-28,-10.0,24.0,-23.0,-2.0,10.0,4.0
2020-11-29,-13.0,27.0,-21.0,4.0,11.0,4.0
2020-11-30,-17.0,18.0,-31.0,-13.0,-1.0,7.0
2020-12-01,-16.0,22.0,-31.0,-12.0,-4.0,7.0
2020-12-02,-14.0,20.0,-25.0,-12.0,-2.0,7.0
2020-12-03,-15.0,23.0,-23.0,-11.0,-2.0,7.0
2020-12-04,-11.0,27.0,-22.0,-7.0,1.0,6.0
2020-12-05,-10.0,26.0,-32.0,-2.0,10.0,4.0
2020-12-06,-19.0,17.0,-39.0,-12.0,7.0,6.0
2020-12-07,-14.0,21.0,-35.0,-12.0,-2.0,7.0
2020-12-08,-16.0,18.0,-28.0,-15.0,-10.0,8.0
2020-12-09,-14.0,18.0,-23.0,-12.0,-2.0,7.0
2020-12-10,-14.0,23.0,-18.0,-10.0,-2.0,7.0
2020-12-11,-13.0,23.0,-21.0,-8.0,0.0,7.0
2020-12-12,-12.0,22.0,-23.0,-1.0,11.0,5.0
2020-12-13,-18.0,15.0,-24.0,-9.0,10.0,6.0
2020-12-14,-15.0,17.0,-26.0,-11.0,0.0,7.0
2020-12-15,-13.0,21.0,-25.0,-10.0,-3.0,6.0
2020-12-16,-11.0,20.0,-18.0,-10.0,-2.0,7.0
2020-12-17,-11.0,24.0,-17.0,-9.0,-2.0,6.0
2020-12-18,-7.0,29.0,-16.0,-5.0,1.0,5.0
2020-12-19,-5.0,28.0,-19.0,6.0,13.0,3.0
2020-12-20,-6.0,27.0,-18.0,0.0,18.0,5.0
2020-12-21,-2.0,31.0,-17.0,-7.0,-3.0,5.0
2020-12-22,0.0,36.0,-19.0,-7.0,-9.0,5.0
2020-12-23,7.0,55.0,-6.0,-3.0,-9.0,4.0
2020-12-24,-16.0,67.0,-6.0,-23.0,-33.0,7.0
2020-12-25,-71.0,-58.0,-14.0,-62.0,-70.0,15.0
2020-12-26,-36.0,4.0,-17.0,-29.0,-18.0,10.0
2020-12-27,-36.0,-2.0,-27.0,-23.0,1.0,8.0
2020-12-28,-14.0,22.0,-12.0,-19.0,-15.0,10.0
2020-12-29,-14.0,25.0,-5.0,-20.0,-19.0,9.0
2020-12-30,-6.0,46.0,20.0,-15.0,-19.0,7.0
2020-12-31,-29.0,60.0,30.0,-32.0,-40.0,9.0
2021-01-01,-69.0,-59.0,24.0,-64.0,-71.0,15.0
2021-01-02,-45.0,-2.0,-2.0,-37.0,-28.0,11.0
2021-01-03,-37.0,-1.0,-13.0,-20.0,-1.0,6.0
2021-01-04,-23.0,18.0,-14.0,-19.0,-10.0,8.0
2021-01-05,-22.0,18.0,-14.0,-18.0,-12.0,8.0
2021-01-06,-21.0,15.0,-9.0,-18.0,-10.0,9.0
2021-01-07,-20.0,21.0,-5.0,-17.0,-9.0,8.0
2021-01-08,-18.0,23.0,-9.0,-14.0,-6.0,8.0
2021-01-09,-20.0,19.0,-14.0,-12.0,5.0,6.0
2021-01-10,-27.0,10.0,-16.0,-18.0,6.0,6.0
2021-01-11,-19.0,17.0,-20.0,-16.0,-5.0,7.0
2021-01-12,-23.0,12.0,-21.0,-19.0,-10.0,7.0
2021-01-13,-24.0,6.0,-20.0,-21.0,-10.0,7.0
2021-01-14,-27.0,5.0,-20.0,-24.0,-13.0,6.0
2021-01-15,-28.0,4.0,-24.0,-24.0,-12.0,6.0
2021-01-16,-29.0,4.0,-25.0,-21.0,-4.0,5.0
2021-01-17,-34.0,-2.0,-25.0,-24.0,-4.0,5.0
2021-01-18,-29.0,0.0,-30.0,-24.0,-11.0,7.0
2021-01-19,-29.0,2.0,-30.0,-25.0,-14.0,7.0
2021-01-20,-27.0,3.0,-21.0,-26.0,-15.0,8.0
2021-01-21,-27.0,6.0,-22.0,-23.0,-11.0,7.0
2021-01-22,-26.0,7.0,-23.0,-20.0,-9.0,7.0
2021-01-23,-28.0,7.0,-24.0,-19.0,-1.0,6.0
2021-01-24,-33.0,0.0,-26.0,-24.0,-1.0,6.0
2021-01-25,-30.0,2.0,-27.0,-30.0,-13.0,8.0
2021-01-26,-30.0,2.0,-30.0,-23.0,-11.0,7.0
2021-01-27,-28.0,2.0,-23.0,-23.0,-10.0,8.0
2021-01-28,-28.0,6.0,-22.0,-22.0,-9.0,7.0
2021-01-29,-24.0,13.0,-22.0,-18.0,-6.0,6.0
2021-01-30,-31.0,10.0,-25.0,-20.0,-2.0,6.0
2021-01-31,-36.0,5.0,-25.0,-24.0,-1.0,5.0
2021-02-01,-26.0,9.0,-30.0,-20.0,-6.0,6.0
2021-02-02,-27.0,7.0,-27.0,-21.0,-11.0,6.0
2021-02-03,-26.0,5.0,-24.0,-21.0,-8.0,6.0
2021-02-04,-26.0,8.0,-23.0,-20.0,-8.0,6.0
2021-02-05,-22.0,15.0,-29.0,-17.0,-5.0,5.0
2021-02-06,-23.0,16.0,-30.0,-16.0,0.0,5.0
2021-02-07,-32.0,6.0,-32.0,-24.0,-1.0,5.0
2021-02-08,-24.0,10.0,-33.0,-17.0,-5.0,5.0
2021-02-09,-23.0,11.0,-32.0,-17.0,-8.0,6.0
2021-02-10,-22.0,9.0,-26.0,-17.0,-6.0,6.0
2021-02-11,-24.0,11.0,-28.0,-18.0,-7.0,6.0
2021-02-12,-22.0,15.0,-31.0,-16.0,-4.0,5.0
2021-02-13,-24.0,13.0,-31.0,-20.0,-1.0,5.0
2021-02-14,-30.0,7.0,-23.0,-26.0,0.0,6.0
2021-02-15,-28.0,6.0,-15.0,-29.0,-23.0,8.0
2021-02-16,-35.0,-5.0,-16.0,-34.0,-31.0,10.0
2021-02-17,-27.0,5.0,-28.0,-23.0,-12.0,7.0
2021-02-18,-24.0,14.0,-25.0,-17.0,-6.0,6.0
2021-02-19,-22.0,16.0,-27.0,-16.0,-4.0,6.0
2021-02-20,-23.0,15.0,-28.0,-16.0,2.0,5.0
2021-02-21,-31.0,7.0,-31.0,-22.0,1.0,6.0
2021-02-22,-26.0,9.0,-36.0,-17.0,-3.0,6.0
2021-02-23,-26.0,9.0,-34.0,-18.0,-7.0,6.0
2021-02-24,-26.0,7.0,-31.0,-19.0,-6.0,7.0
2021-02-25,-26.0,14.0,-32.0,-18.0,-5.0,7.0
2021-02-26,-26.0,18.0,-37.0,-17.0,-3.0,7.0
2021-02-27,-32.0,16.0,-44.0,-22.0,-2.0,8.0
2021-02-28,-40.0,6.0,-47.0,-29.0,-4.0,8.0
2021-03-01,-30.0,13.0,-41.0,-20.0,-6.0,8.0
2021-03-02,-30.0,13.0,-38.0,-21.0,-10.0,8.0
2021-03-03,-29.0,12.0,-33.0,-20.0,-9.0,8.0
2021-03-04,-30.0,15.0,-33.0,-20.0,-9.0,8.0
2021-03-05,-26.0,25.0,-36.0,-17.0,-7.0,8.0
2021-03-06,-41.0,19.0,-48.0,-27.0,-8.0,9.0
2021-03-07,-51.0,4.0,-56.0,-36.0,-9.0,10.0
2021-03-08,-32.0,15.0,-41.0,-24.0,-9.0,9.0
2021-03-09,-35.0,11.0,-42.0,-25.0,-13.0,9.0
2021-03-10,-32.0,13.0,-34.0,-24.0,-11.0,9.0
2021-03-11,-35.0,14.0,-33.0,-25.0,-11.0,9.0
2021-03-12,-34.0,17.0,-36.0,-23.0,-9.0,10.0
2021-03-13,-44.0,12.0,-44.0,-29.0,-9.0,10.0
2021-03-14,-52.0,0.0,-49.0,-36.0,-9.0,10.0
2021-03-15,-38.0,8.0,-42.0,-28.0,-10.0,10.0
2021-03-16,-39.0,9.0,-42.0,-29.0,-15.0,10.0
2021-03-17,-40.0,6.0,-39.0,-30.0,-15.0,12.0
2021-03-18,-43.0,8.0,-40.0,-31.0,-16.0,12.0
2021-03-19,-43.0,12.0,-42.0,-30.0,-15.0,12.0
2021-03-20,-49.0,10.0,-48.0,-33.0,-11.0,11.0
2021-03-21,-56.0,-4.0,-53.0,-40.0,-11.0,12.0
2021-03-22,-41.0,6.0,-45.0,-31.0,-12.0,11.0
2021-03-23,-43.0,5.0,-45.0,-32.0,-16.0,12.0
2021-03-24,-41.0,4.0,-40.0,-32.0,-16.0,12.0
2021-03-25,-41.0,11.0,-37.0,-31.0,-16.0,12.0
2021-03-26,-44.0,13.0,-43.0,-34.0,-16.0,13.0
2021-03-27,-51.0,7.0,-51.0,-37.0,-12.0,12.0
2021-03-28,-59.0,-8.0,-55.0,-44.0,-12.0,12.0
2021-03-29,-44.0,4.0,-47.0,-38.0,-16.0,13.0
2021-03-30,-43.0,8.0,-47.0,-38.0,-20.0,12.0
2021-03-31,-37.0,19.0,-38.0,-34.0,-18.0,12.0
2021-04-01,-32.0,44.0,-31.0,-31.0,-20.0,10.0
2021-04-02,-67.0,-14.0,-43.0,-60.0,-65.0,23.0
2021-04-03,-46.0,20.0,-45.0,-38.0,-18.0,11.0
2021-04-04,-57.0,-5.0,-53.0,-38.0,-5.0,8.0
2021-04-05,-37.0,11.0,-43.0,-29.0,-9.0,10.0
2021-04-06,-38.0,11.0,-45.0,-31.0,-13.0,11.0
2021-04-07,-34.0,17.0,-38.0,-28.0,-12.0,11.0
2021-04-08,-33.0,23.0,-34.0,-26.0,-11.0,10.0
2021-04-09,-33.0,25.0,-36.0,-24.0,-8.0,10.0
2021-04-10,-37.0,23.0,-41.0,-26.0,-3.0,9.0
2021-04-11,-49.0,5.0,-46.0,-35.0,-6.0,10.0
2021-04-12,-33.0,14.0,-40.0,-25.0,-6.0,10.0
2021-04-13,-34.0,14.0,-42.0,-26.0,-10.0,10.0
2021-04-14,-32.0,14.0,-35.0,-24.0,-9.0,10.0
2021-04-15,-32.0,19.0,-33.0,-23.0,-8.0,10.0
2021-04-16,-32.0,21.0,-35.0,-21.0,-5.0,10.0
2021-04-17,-35.0,20.0,-43.0,-25.0,-1.0,9.0
2021-04-18,-46.0,6.0,-48.0,-33.0,-3.0,10.0
2021-04-19,-30.0,13.0,-42.0,-22.0,-3.0,9.0
2021-04-20,-26.0,24.0,-38.0,-21.0,-7.0,8.0
2021-04-21,-45.0,-4.0,-33.0,-47.0,-51.0,19.0
2021-04-22,-29.0,21.0,-33.0,-21.0,-5.0,9.0
2021-04-23,-28.0,23.0,-32.0,-20.0,-5.0,10.0
2021-04-24,-29.0,22.0,-34.0,-20.0,2.0,8.0
2021-04-25,-40.0,8.0,-39.0,-28.0,1.0,9.0
2021-04-26,-28.0,15.0,-38.0,-19.0,0.0,9.0
2021-04-27,-28.0,16.0,-38.0,-20.0,-5.0,9.0
2021-04-28,-26.0,17.0,-32.0,-19.0,-4.0,9.0
2021-04-29,-26.0,22.0,-31.0,-19.0,-3.0,9.0
2021-04-30,-20.0,37.0,-30.0,-13.0,0.0,7.0
2021-05-01,-34.0,14.0,-31.0,-26.0,-22.0,10.0
2021-05-02,-32.0,21.0,-33.0,-24.0,2.0,8.0
2021-05-03,-21.0,26.0,-35.0,-16.0,0.0,8.0
2021-05-04,-23.0,25.0,-36.0,-16.0,-3.0,8.0
2021-05-05,-21.0,24.0,-30.0,-16.0,-3.0,8.0
2021-05-06,-20.0,31.0,-28.0,-14.0,-2.0,7.0
2021-05-07,-14.0,42.0,-30.0,-10.0,2.0,7.0
2021-05-08,-8.0,51.0,-34.0,-6.0,7.0,5.0
2021-05-09,-26.0,33.0,-43.0,-15.0,18.0,4.0
2021-05-10,-21.0,26.0,-35.0,-14.0,0.0,7.0
2021-05-11,-22.0,26.0,-34.0,-15.0,-3.0,8.0
2021-05-12,-22.0,22.0,-32.0,-15.0,-3.0,9.0
2021-05-13,-24.0,26.0,-31.0,-16.0,-4.0,9.0
2021-05-14,-20.0,31.0,-30.0,-12.0,0.0,8.0
2021-05-15,-18.0,32.0,-31.0,-11.0,4.0,7.0
2021-05-16,-29.0,21.0,-33.0,-20.0,6.0,8.0
2021-05-17,-22.0,24.0,-32.0,-13.0,3.0,8.0
2021-05-18,-23.0,24.0,-33.0,-14.0,-1.0,8.0
2021-05-19,-21.0,24.0,-24.0,-16.0,-1.0,8.0
2021-05-20,-21.0,32.0,-20.0,-15.0,0.0,8.0
2021-05-21,-20.0,33.0,-22.0,-10.0,3.0,8.0
2021-05-22,-24.0,27.0,-31.0,-15.0,6.0,8.0
2021-05-23,-33.0,18.0,-33.0,-23.0,6.0,9.0
2021-05-24,-24.0,23.0,-30.0,-14.0,2.0,9.0
2021-05-25,-23.0,27.0,-27.0,-14.0,0.0,8.0
2021-05-26,-21.0,26.0,-20.0,-14.0,0.0,8.0
2021-05-27,-21.0,30.0,-17.0,-13.0,1.0,8.0
2021-05-28,-19.0,35.0,-20.0,-9.0,5.0,8.0
2021-05-29,-20.0,33.0,-23.0,-10.0,9.0,7.0
2021-05-30,-33.0,20.0,-36.0,-25.0,6.0,9.0
2021-05-31,-22.0,29.0,-31.0,-15.0,5.0,9.0
2021-06-01,-18.0,37.0,-25.0,-12.0,1.0,8.0
2021-06-02,-12.0,41.0,-13.0,-8.0,2.0,6.0
2021-06-03,-33.0,18.0,3.0,-36.0,-47.0,16.0
2021-06-04,-14.0,45.0,-8.0,-13.0,-8.0,9.0
2021-06-05,-17.0,38.0,-13.0,-9.0,6.0,7.0
2021-06-06,-28.0,24.0,-26.0,-17.0,7.0,7.0
2021-06-07,-17.0,36.0,-28.0,-11.0,5.0,8.0
2021-06-08,-16.0,39.0,-27.0,-11.0,2.0,8.0
2021-06-09,-13.0,37.0,-17.0,-10.0,3.0,8.0
2021-06-10,-15.0,38.0,-19.0,-10.0,3.0,8.0
2021-06-11,-12.0,42.0,-19.0,-7.0,6.0,7.0
2021-06-12,-5.0,43.0,-19.0,-5.0,10.0,6.0
2021-06-13,-26.0,23.0,-26.0,-18.0,6.0,8.0
2021-06-14,-18.0,29.0,-25.0,-11.0,6.0,8.0
2021-06-15,-18.0,32.0,-23.0,-12.0,3.0,8.0
2021-06-16,-17.0,29.0,-19.0,-12.0,3.0,8.0
2021-06-17,-20.0,30.0,-20.0,-13.0,2.0,8.0
2021-06-18,-18.0,33.0,-21.0,-10.0,6.0,7.0
2021-06-19,-20.0,30.0,-32.0,-12.0,8.0,7.0
2021-06-20,-28.0,22.0,-31.0,-21.0,5.0,8.0
2021-06-21,-20.0,27.0,-28.0,-13.0,6.0,8.0
2021-06-22,-20.0,28.0,-27.0,-15.0,2.0,8.0
2021-06-23,-17.0,29.0,-17.0,-13.0,2.0,7.0
2021-06-24,-22.0,25.0,-16.0,-16.0,-4.0,8.0
2021-06-25,-16.0,35.0,-15.0,-10.0,5.0,7.0
2021-06-26,-17.0,32.0,-21.0,-10.0,10.0,6.0
2021-06-27,-26.0,21.0,-25.0,-19.0,7.0,7.0
2021-06-28,-20.0,26.0,-27.0,-13.0,6.0,7.0
2021-06-29,-24.0,22.0,-32.0,-19.0,-1.0,8.0
2021-06-30,-15.0,35.0,-21.0,-13.0,4.0,7.0
2021-07-01,-13.0,44.0,-16.0,-10.0,4.0,7.0
2021-07-02,-12.0,44.0,-16.0,-7.0,6.0,7.0
2021-07-03,-9.0,44.0,-18.0,-4.0,12.0,6.0
2021-07-04,-20.0,32.0,-25.0,-16.0,9.0,7.0
2021-07-05,-12.0,38.0,-22.0,-8.0,8.0,7.0
2021-07-06,-11.0,42.0,-20.0,-8.0,4.0,7.0
2021-07-07,-6.0,44.0,-9.0,-6.0,5.0,6.0
2021-07-08,-6.0,48.0,-4.0,-4.0,5.0,5.0
2021-07-09,-9.0,44.0,-3.0,-13.0,-8.0,9.0
2021-07-10,-7.0,44.0,-8.0,-2.0,10.0,5.0
2021-07-11,-15.0,32.0,-10.0,-10.0,10.0,5.0
2021-07-12,-11.0,37.0,-15.0,-6.0,7.0,6.0
2021-07-13,-12.0,36.0,-13.0,-7.0,3.0,7.0
2021-07-14,-9.0,34.0,-6.0,-7.0,4.0,7.0
2021-07-15,-10.0,40.0,-4.0,-7.0,4.0,6.0
2021-07-16,-10.0,40.0,-9.0,-5.0,6.0,7.0
2021-07-17,-9.0,38.0,-13.0,-4.0,12.0,5.0
2021-07-18,-16.0,30.0,-13.0,-11.0,10.0,6.0
2021-07-19,-13.0,32.0,-18.0,-8.0,6.0,7.0
2021-07-20,-12.0,37.0,-15.0,-8.0,3.0,7.0
2021-07-21,-9.0,35.0,-6.0,-7.0,4.0,7.0
2021-07-22,-10.0,39.0,-1.0,-7.0,4.0,6.0
2021-07-23,-9.0,40.0,-4.0,-4.0,8.0,6.0
2021-07-24,-9.0,38.0,-3.0,-2.0,13.0,5.0
2021-07-25,-14.0,32.0,-4.0,-9.0,11.0,5.0
2021-07-26,-14.0,32.0,-13.0,-7.0,6.0,7.0
2021-07-27,-14.0,33.0,-15.0,-8.0,4.0,7.0
2021-07-28,-17.0,28.0,-19.0,-14.0,4.0,9.0
2021-07-29,-13.0,37.0,-10.0,-9.0,5.0,7.0
2021-07-30,-8.0,46.0,-13.0,-5.0,10.0,7.0
2021-07-31,-7.0,44.0,-18.0,-4.0,15.0,6.0
2021-08-01,-14.0,38.0,-20.0,-12.0,13.0,7.0
2021-08-02,-10.0,41.0,-19.0,-3.0,12.0,6.0
2021-08-03,-11.0,40.0,-19.0,-5.0,8.0,6.0
2021-08-04,-8.0,39.0,-12.0,-4.0,10.0,6.0
2021-08-05,-6.0,46.0,-8.0,-2.0,10.0,5.0
2021-08-06,1.0,56.0,-7.0,4.0,14.0,4.0
2021-08-07,5.0,59.0,-12.0,6.0,16.0,4.0
2021-08-08,-8.0,49.0,-15.0,-2.0,18.0,3.0
2021-08-09,-8.0,41.0,-16.0,0.0,13.0,5.0
2021-08-10,-8.0,42.0,-14.0,-1.0,10.0,5.0
2021-08-11,-8.0,37.0,-11.0,-3.0,10.0,6.0
2021-08-12,-11.0,39.0,-13.0,-4.0,10.0,6.0
2021-08-13,-9.0,41.0,-16.0,-3.0,14.0,6.0
2021-08-14,-5.0,41.0,-18.0,-2.0,15.0,5.0
2021-08-15,-11.0,36.0,-14.0,-9.0,13.0,6.0
2021-08-16,-12.0,34.0,-20.0,-4.0,13.0,6.0
2021-08-17,-11.0,37.0,-14.0,-3.0,9.0,5.0
2021-08-18,-9.0,33.0,-8.0,-3.0,13.0,6.0
2021-08-19,-9.0,38.0,-3.0,-2.0,13.0,5.0
2021-08-20,-6.0,44.0,-5.0,1.0,16.0,5.0
2021-08-21,-4.0,42.0,-3.0,2.0,15.0,4.0
2021-08-22,-10.0,37.0,0.0,-6.0,13.0,5.0
2021-08-23,-12.0,34.0,-14.0,-2.0,16.0,5.0
2021-08-24,-13.0,34.0,-14.0,-4.0,11.0,5.0
2021-08-25,-11.0,34.0,-7.0,-3.0,12.0,6.0
2021-08-26,-11.0,38.0,-6.0,-2.0,13.0,5.0
2021-08-27,-10.0,40.0,-13.0,-1.0,16.0,5.0
2021-08-28,-11.0,37.0,-22.0,-8.0,15.0,6.0
2021-08-29,-16.0,32.0,-22.0,-14.0,12.0,7.0
2021-08-30,-13.0,35.0,-20.0,-3.0,17.0,5.0
2021-08-31,-10.0,42.0,-18.0,-3.0,13.0,5.0
2021-09-01,-6.0,44.0,-9.0,-1.0,13.0,5.0
2021-09-02,-5.0,48.0,-3.0,0.0,15.0,4.0
2021-09-03,-2.0,52.0,-3.0,6.0,18.0,3.0
2021-09-04,0.0,49.0,0.0,6.0,15.0,3.0
2021-09-05,-5.0,42.0,9.0,-7.0,11.0,4.0
2021-09-06,4.0,56.0,14.0,-12.0,-12.0,6.0
2021-09-07,-29.0,8.0,22.0,-39.0,-60.0,15.0
2021-09-08,-7.0,42.0,-6.0,0.0,11.0,4.0
2021-09-09,-8.0,46.0,-5.0,0.0,14.0,4.0
2021-09-10,-3.0,47.0,-7.0,2.0,18.0,4.0
2021-09-11,-1.0,43.0,-9.0,2.0,18.0,4.0
2021-09-12,-7.0,36.0,-3.0,-6.0,14.0,5.0
2021-09-13,-9.0,36.0,-13.0,1.0,17.0,4.0
2021-09-14,-10.0,36.0,-13.0,-1.0,12.0,4.0
2021-09-15,-7.0,36.0,-7.0,-1.0,12.0,5.0
2021-09-16,-9.0,38.0,-8.0,-2.0,12.0,5.0
2021-09-17,-5.0,41.0,-10.0,2.0,16.0,4.0
2021-09-18,-2.0,41.0,-4.0,2.0,16.0,4.0
2021-09-19,-8.0,36.0,-4.0,-6.0,12.0,4.0
2021-09-20,-11.0,35.0,-10.0,-1.0,12.0,5.0
2021-09-21,-10.0,36.0,-14.0,-1.0,13.0,4.0
2021-09-22,-8.0,34.0,-8.0,-2.0,16.0,5.0
2021-09-23,-8.0,39.0,-5.0,0.0,17.0,4.0
2021-09-24,-5.0,42.0,-6.0,3.0,20.0,4.0
2021-09-25,-5.0,38.0,-9.0,0.0,17.0,4.0
2021-09-26,-9.0,35.0,-6.0,-5.0,12.0,5.0
2021-09-27,-11.0,34.0,-13.0,0.0,20.0,4.0
2021-09-28,-12.0,34.0,-13.0,-1.0,16.0,4.0
2021-09-29,-9.0,33.0,-8.0,-2.0,17.0,4.0
2021-09-30,-6.0,46.0,-5.0,1.0,18.0,4.0
2021-10-01,-4.0,48.0,-11.0,4.0,21.0,4.0
2021-10-02,0.0,47.0,-11.0,3.0,18.0,4.0
2021-10-03,-11.0,38.0,-20.0,-10.0,12.0,6.0
2021-10-04,-10.0,36.0,-20.0,-1.0,19.0,4.0
2021-10-05,-6.0,43.0,-15.0,0.0,16.0,4.0
2021-10-06,0.0,45.0,-6.0,3.0,18.0,3.0
2021-10-07,0.0,52.0,-5.0,4.0,18.0,3.0
2021-10-08,5.0,55.0,-4.0,10.0,21.0,2.0
2021-10-09,3.0,48.0,-13.0,6.0,15.0,3.0
2021-10-10,-7.0,39.0,-18.0,-14.0,10.0,6.0
2021-10-11,8.0,51.0,-4.0,-13.0,-11.0,7.0
2021-10-12,-14.0,17.0,22.0,-37.0,-59.0,13.0
2021-10-13,-3.0,39.0,-3.0,4.0,16.0,3.0
2021-10-14,-5.0,41.0,-1.0,2.0,17.0,4.0
2021-10-15,-3.0,42.0,-7.0,3.0,16.0,4.0
2021-10-16,-2.0,41.0,-14.0,2.0,19.0,4.0
2021-10-17,-10.0,35.0,-22.0,-9.0,12.0,6.0
2021-10-18,-13.0,27.0,-21.0,-4.0,17.0,5.0
2021-10-19,-10.0,36.0,-20.0,0.0,16.0,4.0
2021-10-20,-5.0,40.0,-10.0,1.0,18.0,4.0
2021-10-21,-4.0,45.0,-2.0,4.0,19.0,3.0
2021-10-22,0.0,44.0,0.0,7.0,23.0,3.0
2021-10-23,0.0,39.0,-5.0,6.0,19.0,3.0
2021-10-24,-11.0,33.0,-22.0,-12.0,12.0,6.0
2021-10-25,-8.0,37.0,-14.0,3.0,22.0,4.0
2021-10-26,-7.0,37.0,-12.0,3.0,19.0,3.0
2021-10-27,-5.0,35.0,-6.0,3.0,19.0,4.0
2021-10-28,-4.0,43.0,-4.0,4.0,19.0,3.0
2021-10-29,1.0,51.0,-6.0,8.0,20.0,3.0
2021-10-30,2.0,47.0,-9.0,8.0,18.0,2.0
2021-10-31,-8.0,39.0,-17.0,-9.0,12.0,5.0
2021-11-01,2.0,49.0,-5.0,-13.0,-10.0,7.0
2021-11-02,-28.0,13.0,9.0,-40.0,-61.0,15.0
2021-11-03,-3.0,42.0,-5.0,9.0,21.0,2.0
2021-11-04,-2.0,46.0,-1.0,8.0,22.0,2.0
2021-11-05,4.0,52.0,-1.0,12.0,26.0,2.0
2021-11-06,6.0,48.0,-7.0,10.0,21.0,3.0
2021-11-07,1.0,45.0,-6.0,0.0,16.0,4.0
2021-11-08,-1.0,45.0,-12.0,10.0,25.0,2.0
2021-11-09,-2.0,44.0,-12.0,8.0,21.0,2.0
2021-11-10,1.0,43.0,-4.0,9.0,22.0,2.0
2021-11-11,-3.0,42.0,-8.0,7.0,22.0,2.0
2021-11-12,2.0,48.0,-7.0,12.0,24.0,2.0
2021-11-13,6.0,47.0,1.0,13.0,17.0,2.0
2021-11-14,5.0,46.0,18.0,1.0,12.0,3.0
2021-11-15,-21.0,12.0,32.0,-32.0,-58.0,12.0
2021-11-16,-4.0,41.0,-10.0,10.0,20.0,1.0
2021-11-17,-1.0,39.0,-2.0,9.0,22.0,3.0
2021-11-18,-6.0,38.0,-8.0,7.0,22.0,3.0
2021-11-19,0.0,44.0,-10.0,9.0,25.0,3.0
2021-11-20,3.0,43.0,-12.0,4.0,16.0,4.0
2021-11-21,2.0,44.0,-6.0,1.0,16.0,4.0
2021-11-22,-2.0,41.0,-7.0,10.0,26.0,2.0
2021-11-23,-2.0,40.0,-5.0,8.0,22.0,2.0
2021-11-24,0.0,39.0,1.0,9.0,23.0,2.0
2021-11-25,1.0,46.0,4.0,10.0,23.0,2.0
2021-11-26,7.0,57.0,-3.0,12.0,26.0,1.0
2021-11-27,5.0,44.0,-5.0,10.0,21.0,2.0
2021-11-28,2.0,44.0,-4.0,3.0,16.0,3.0
2021-11-29,-3.0,39.0,-7.0,8.0,26.0,3.0
2021-11-30,1.0,48.0,-9.0,7.0,20.0,2.0
2021-12-01,5.0,50.0,1.0,10.0,22.0,2.0
2021-12-02,5.0,52.0,6.0,10.0,23.0,1.0
2021-12-03,7.0,53.0,3.0,13.0,26.0,1.0
2021-12-04,12.0,52.0,6.0,17.0,22.0,1.0
2021-12-05,6.0,48.0,1.0,7.0,17.0,3.0
2021-12-06,2.0,47.0,-11.0,9.0,25.0,2.0
2021-12-07,4.0,50.0,-10.0,7.0,22.0,2.0
2021-12-08,7.0,46.0,2.0,4.0,11.0,4.0
2021-12-09,9.0,54.0,7.0,13.0,25.0,1.0
2021-12-10,12.0,54.0,10.0,16.0,28.0,1.0
2021-12-11,14.0,50.0,12.0,20.0,27.0,0.0
2021-12-12,9.0,47.0,5.0,10.0,23.0,2.0
2021-12-13,3.0,42.0,-8.0,8.0,25.0,3.0
2021-12-14,4.0,44.0,-9.0,7.0,20.0,3.0
2021-12-15,11.0,45.0,1.0,9.0,20.0,3.0
2021-12-16,14.0,53.0,9.0,11.0,20.0,1.0
2021-12-17,13.0,52.0,3.0,13.0,22.0,1.0
2021-12-18,18.0,52.0,1.0,20.0,26.0,0.0
2021-12-19,22.0,57.0,3.0,13.0,30.0,2.0
2021-12-20,23.0,61.0,8.0,12.0,16.0,2.0
2021-12-21,23.0,63.0,11.0,11.0,9.0,2.0
2021-12-22,27.0,68.0,21.0,11.0,7.0,2.0
2021-12-23,30.0,97.0,27.0,13.0,0.0,1.0
2021-12-24,-3.0,95.0,11.0,-14.0,-34.0,6.0
2021-12-25,-57.0,-43.0,4.0,-42.0,-54.0,5.0
2021-12-26,-7.0,36.0,13.0,-4.0,7.0,3.0
2021-12-27,1.0,44.0,14.0,-6.0,-8.0,7.0
2021-12-28,2.0,48.0,22.0,-7.0,-11.0,7.0
2021-12-29,7.0,54.0,38.0,-5.0,-11.0,6.0
2021-12-30,8.0,79.0,42.0,-5.0,-15.0,5.0
2021-12-31,-18.0,85.0,55.0,-25.0,-44.0,9.0
