days_to_fit_within_outbreak,outbreak,alpha,estimation,result_fun,result_nfev,result_nit,result_success,start_time,end_time,duration_seconds,pop_size,period_in_days,days_to_recovery,date_first_case,outbreak_start_date,max_date_to_fit,max_date_to_analyze,list_breakpoints_in_slow_transition,x_initial_infected_population,x_days_between_infections_0,x_case_fatality_probability_0,x_loss_immunity_in_days_0,x_days_between_infections_1,x_breakpoint_1,x_transition_days_between_epidemic_periods_1
28.0,0.0,0.0,0.0,0.34667958975727287,3388.0,83.0,True,2023-12-05 16:11:19,2023-12-05 16:11:40,20.666977,5.0,133.0,8.0,2020-02-16,2020-03-01,2020-03-29,2020-06-28,[],0.019698899433593743,3.182639868183929,0.003837116570891447,167.28106089000073,5.7273876457877995,41.74186049718888,1.8258306443088408
28.0,0.0,0.0,1.0,0.37070437807379464,2950.0,73.0,True,2023-12-05 16:11:40,2023-12-05 16:12:01,20.939758,5.0,133.0,8.0,2020-02-16,2020-03-01,2020-03-29,2020-06-28,[],0.01368288988276429,3.1699887742769173,0.006136003128280508,202.14675732843577,3.5081255544727354,37.4315510405541,19.232071449696203
28.0,0.0,0.0,2.0,0.37452879159563324,1861.0,46.0,True,2023-12-05 16:12:01,2023-12-05 16:12:13,12.443834,5.0,133.0,8.0,2020-02-16,2020-03-01,2020-03-29,2020-06-28,[],0.014270924121894499,3.1744819015940466,0.005347800343256144,222.7702944278303,3.227308386107306,23.851242460514097,7.346017018958676
28.0,0.0,0.0,3.0,0.3504920453105373,3644.0,91.0,True,2023-12-05 16:12:13,2023-12-05 16:12:39,25.115078,5.0,133.0,8.0,2020-02-16,2020-03-01,2020-03-29,2020-06-28,[],0.00696341289197964,3.1808040866454834,0.010647723577801369,197.54804015223334,4.542095090990841,41.5625510222773,2.014805497179868
28.0,0.0,0.0,4.0,0.37255638255141377,2184.0,47.0,True,2023-12-05 16:12:39,2023-12-05 16:12:56,16.973042,5.0,133.0,8.0,2020-02-16,2020-03-01,2020-03-29,2020-06-28,[],0.0069128236795313455,3.1700513520750406,0.01156106303602996,237.3738342781933,3.3253913885337694,28.231654556557416,13.698965544849672
28.0,0.0,0.0,5.0,0.3473241155421359,3295.0,84.0,True,2023-12-05 16:12:56,2023-12-05 16:13:18,22.869599,5.0,133.0,8.0,2020-02-16,2020-03-01,2020-03-29,2020-06-28,[],0.01057004378762302,3.185327289608113,0.0073236758379289614,279.75696378048696,5.285137594371287,41.31879560777686,2.160384435374425
28.0,0.0,0.0,6.0,0.36627768246988757,1953.0,50.0,True,2023-12-05 16:13:18,2023-12-05 16:13:30,12.015672,5.0,133.0,8.0,2020-02-16,2020-03-01,2020-03-29,2020-06-28,[],0.027848755971554326,3.2096796734364976,0.0029809764148760044,284.97349826389944,3.445131040190482,39.90213135236616,1.9052521957239072
28.0,0.0,0.0,7.0,0.3732525988446885,2233.0,58.0,True,2023-12-05 16:13:30,2023-12-05 16:13:44,13.649673,5.0,133.0,8.0,2020-02-16,2020-03-01,2020-03-29,2020-06-28,[],0.013308587745515984,3.1777370621678727,0.005855644171622202,263.4853111131512,3.2923988898774423,33.27596161219137,17.10831460356175
28.0,0.0,0.0,8.0,0.34608565161740135,3207.0,84.0,True,2023-12-05 16:13:44,2023-12-05 16:14:03,19.410093,5.0,133.0,8.0,2020-02-16,2020-03-01,2020-03-29,2020-06-28,[],0.02213255756551472,3.171993778967944,0.0032387515098235486,246.70351610306966,5.5277438823355505,41.8067156554412,1.8297899024472208
28.0,0.0,0.0,9.0,0.3711708216161336,2335.0,52.0,True,2023-12-05 16:14:03,2023-12-05 16:14:19,15.717944,5.0,133.0,8.0,2020-02-16,2020-03-01,2020-03-29,2020-06-28,[],0.017858918964305574,3.187302151288868,0.005109961370287719,180.6685113136655,3.4106786907531763,29.70113454887197,10.705128195534769
28.0,0.0,0.0,10.0,0.37438921881156517,1533.0,38.0,True,2023-12-05 16:14:19,2023-12-05 16:14:29,9.503336,5.0,133.0,8.0,2020-02-16,2020-03-01,2020-03-29,2020-06-28,[],0.007518364817015861,3.1900722757397686,0.010487721221599727,124.75763121330925,3.244905855324275,31.370979705324874,14.98625709388897
28.0,0.0,0.0,11.0,0.37157903860288266,2093.0,46.0,True,2023-12-05 16:14:29,2023-12-05 16:14:43,14.147957,5.0,133.0,8.0,2020-02-16,2020-03-01,2020-03-29,2020-06-28,[],0.02429428458555607,3.1767264238094874,0.0035286354147386,327.6009481383837,3.489726295735049,40.916989093383094,23.121351374175006
28.0,0.0,0.0,12.0,0.3510676475663269,3155.0,80.0,True,2023-12-05 16:14:43,2023-12-05 16:15:03,19.816031,5.0,133.0,8.0,2020-02-16,2020-03-01,2020-03-29,2020-06-28,[],0.021012909649631643,3.187013575773858,0.00369196719091122,142.51323615344498,4.2217530452576915,40.75099169093543,2.3171960343465017
28.0,0.0,0.0,13.0,0.3465808285461117,3322.0,85.0,True,2023-12-05 16:15:03,2023-12-05 16:15:24,21.572374,5.0,133.0,8.0,2020-02-16,2020-03-01,2020-03-29,2020-06-28,[],0.014696744652189134,3.1726147328034053,0.00496383585320945,249.53417340474456,5.427098831231825,41.60108454546271,2.143100657490244
28.0,0.0,0.0,14.0,0.3737831898089915,2645.0,54.0,True,2023-12-05 16:15:24,2023-12-05 16:15:45,20.710465,5.0,133.0,8.0,2020-02-16,2020-03-01,2020-03-29,2020-06-28,[],0.01780756822993029,3.179065648346417,0.004326366152417041,319.0660901431921,3.2456888996227673,29.344758500050187,13.565909897774262
28.0,0.0,0.0,15.0,0.37325760491282767,2598.0,65.0,True,2023-12-05 16:15:45,2023-12-05 16:16:02,16.749606,5.0,133.0,8.0,2020-02-16,2020-03-01,2020-03-29,2020-06-28,[],0.021113353868985565,3.1727045098881175,0.003721036854124251,184.9599919175152,3.2709339114246205,28.193736882751654,11.428744985865755
28.0,0.0,0.0,16.0,0.3462872807428473,2250.0,53.0,True,2023-12-05 16:16:02,2023-12-05 16:16:19,17.098487,5.0,133.0,8.0,2020-02-16,2020-03-01,2020-03-29,2020-06-28,[],0.03185173838308031,3.189364516983006,0.0024050552546199056,112.2887277077578,5.717181765116294,41.29198519540953,0.8016063372755369
28.0,0.0,0.0,17.0,0.3475191561654273,2884.0,75.0,True,2023-12-05 16:16:19,2023-12-05 16:16:37,17.965607,5.0,133.0,8.0,2020-02-16,2020-03-01,2020-03-29,2020-06-28,[],0.021506930357099396,3.1793281794155566,0.003417847753991786,124.1282799596025,5.091269348576945,41.04225865295071,1.1051824925998304
28.0,0.0,0.0,18.0,0.3458912410230104,4918.0,121.0,True,2023-12-05 16:16:37,2023-12-05 16:17:12,35.268841,5.0,133.0,8.0,2020-02-16,2020-03-01,2020-03-29,2020-06-28,[],0.01087805421717946,3.1873377618508183,0.007151918176600512,294.0676085778224,5.7117808008029405,41.501133623158104,2.1624909260249154
28.0,0.0,0.0,19.0,0.3724291361085597,2372.0,43.0,True,2023-12-05 16:17:12,2023-12-05 16:17:34,21.542891,5.0,133.0,8.0,2020-02-16,2020-03-01,2020-03-29,2020-06-28,[],0.013627943630734976,3.177676756215353,0.00583975799930748,139.69053068780556,3.3710075737386678,37.01943633363427,19.58088118287676
35.0,0.0,0.0,0.0,0.25278636804904897,7420.0,203.0,True,2023-12-05 16:17:34,2023-12-05 16:18:18,44.542456,5.0,140.0,8.0,2020-02-16,2020-03-01,2020-04-05,2020-07-05,[],0.03233766539146044,3.172595499099954,0.00423564513787936,195.36366241879148,5.498732061121838,48.58434395122963,28.40982629720313
35.0,0.0,0.0,1.0,0.25522901084499,3435.0,88.0,True,2023-12-05 16:18:18,2023-12-05 16:18:43,24.441131,5.0,140.0,8.0,2020-02-16,2020-03-01,2020-04-05,2020-07-05,[],0.024255767630661992,3.169851802701888,0.005283256294506414,148.37156923474356,5.4068804862398565,48.5845909400313,27.31360288023665
35.0,0.0,0.0,2.0,0.25213579926274116,5380.0,147.0,True,2023-12-05 16:18:43,2023-12-05 16:19:20,37.250285,5.0,140.0,8.0,2020-02-16,2020-03-01,2020-04-05,2020-07-05,[],0.011048890274128293,3.174646693476835,0.012433135231234243,105.26925137601818,5.532806340078732,48.719004725508476,27.99527127006053
35.0,0.0,0.0,3.0,0.2515561779450065,6050.0,165.0,True,2023-12-05 16:19:20,2023-12-05 16:20:01,40.969915,5.0,140.0,8.0,2020-02-16,2020-03-01,2020-04-05,2020-07-05,[],0.022412076408654193,3.1704605821631393,0.005989963824497972,211.4002383404421,5.523000828620907,48.90243239426346,28.1816229904046
35.0,0.0,0.0,4.0,0.2523195792980408,4982.0,129.0,True,2023-12-05 16:20:01,2023-12-05 16:20:38,36.666988,5.0,140.0,8.0,2020-02-16,2020-03-01,2020-04-05,2020-07-05,[],0.015039076859899407,3.1741221938006356,0.009193672496234949,311.208021441543,5.614928467526073,48.92459045135468,27.531841509274148
35.0,0.0,0.0,5.0,0.254374797984311,4712.0,127.0,True,2023-12-05 16:20:38,2023-12-05 16:21:11,33.744768,5.0,140.0,8.0,2020-02-16,2020-03-01,2020-04-05,2020-07-05,[],0.042413004628686066,3.1806980895726222,0.0034576255992630218,201.82154872418647,5.853996453828624,48.475254174718636,26.681350058241048
35.0,0.0,0.0,6.0,0.2530744308133558,4315.0,104.0,True,2023-12-05 16:21:11,2023-12-05 16:21:47,35.361173,5.0,140.0,8.0,2020-02-16,2020-03-01,2020-04-05,2020-07-05,[],0.021661736741702714,3.171477093718243,0.006337357227819561,222.08713107190354,5.533342750576392,48.781609876167366,28.048520724368075
35.0,0.0,0.0,7.0,0.25286295577261725,2881.0,74.0,True,2023-12-05 16:21:47,2023-12-05 16:22:13,25.994253,5.0,140.0,8.0,2020-02-16,2020-03-01,2020-04-05,2020-07-05,[],0.03174739408760419,3.170040306384463,0.004244125000679023,239.8159442080577,5.481382159132541,48.70458477264059,28.299379807399063
35.0,0.0,0.0,8.0,0.25597711692647607,5043.0,128.0,True,2023-12-05 16:22:13,2023-12-05 16:22:50,37.406111,5.0,140.0,8.0,2020-02-16,2020-03-01,2020-04-05,2020-07-05,[],0.02466706823980014,3.1728040658629917,0.005043601002378249,285.10864724159626,5.0865406571043685,48.694008225833315,28.40986303185261
35.0,0.0,0.0,9.0,0.25206529913960235,4928.0,127.0,True,2023-12-05 16:22:50,2023-12-05 16:23:26,35.605779,5.0,140.0,8.0,2020-02-16,2020-03-01,2020-04-05,2020-07-05,[],0.023996595257719886,3.1724056135250414,0.0055617633411854965,355.5535369607967,5.476278951018474,48.98367544874813,28.14379925696342
35.0,0.0,0.0,10.0,0.2529498487068996,4215.0,108.0,True,2023-12-05 16:23:26,2023-12-05 16:23:51,25.437149,5.0,140.0,8.0,2020-02-16,2020-03-01,2020-04-05,2020-07-05,[],0.021016348407222985,3.169512540876628,0.006665437768452043,195.86946327953393,5.946996299249689,48.81922752316433,27.330434944872813
35.0,0.0,0.0,11.0,0.25295087018557444,3465.0,90.0,True,2023-12-05 16:23:51,2023-12-05 16:24:12,20.432968,5.0,140.0,8.0,2020-02-16,2020-03-01,2020-04-05,2020-07-05,[],0.021092719873241187,3.1713454484139656,0.006381016223475002,121.08576121005319,5.652310990544783,48.70452640865436,27.041329740295538
35.0,0.0,0.0,12.0,0.2565351478502885,3996.0,107.0,True,2023-12-05 16:24:12,2023-12-05 16:24:34,22.818712,5.0,140.0,8.0,2020-02-16,2020-03-01,2020-04-05,2020-07-05,[],0.02906523821874389,3.1802353270008137,0.005055620270784186,233.09691340378123,5.67053083286521,48.03738455129189,26.681862709863065
35.0,0.0,0.0,13.0,0.2702184606276128,3483.0,88.0,True,2023-12-05 16:24:34,2023-12-05 16:24:56,21.571578,5.0,140.0,8.0,2020-02-16,2020-03-01,2020-04-05,2020-07-05,[],0.01060663403837766,3.1752811159241747,0.011730058251240016,164.5878717725588,4.4130449346371625,39.08431613510225,18.52030584486219
35.0,0.0,0.0,14.0,0.25242349988774926,4329.0,114.0,True,2023-12-05 16:24:56,2023-12-05 16:25:22,26.375985,5.0,140.0,8.0,2020-02-16,2020-03-01,2020-04-05,2020-07-05,[],0.01992601144523642,3.171697951990595,0.006891570294522835,180.58384727640873,5.5684375888275595,48.828530600362036,27.625175392233253
35.0,0.0,0.0,15.0,0.25218848113008696,4364.0,115.0,True,2023-12-05 16:25:22,2023-12-05 16:25:49,26.376665,5.0,140.0,8.0,2020-02-16,2020-03-01,2020-04-05,2020-07-05,[],0.03321974871143055,3.1694792342321416,0.003989592319257167,256.7878798025039,5.466829081826033,48.90822106611563,28.003553754191866
35.0,0.0,0.0,16.0,0.2547484982615347,4613.0,126.0,True,2023-12-05 16:25:49,2023-12-05 16:26:16,27.690105,5.0,140.0,8.0,2020-02-16,2020-03-01,2020-04-05,2020-07-05,[],0.038100219261426545,3.1734665207599893,0.003606669159357913,229.24296356707498,5.509709392042645,47.2383870206845,26.306431160478823
35.0,0.0,0.0,17.0,0.25459328269710274,6112.0,159.0,True,2023-12-05 16:26:16,2023-12-05 16:26:56,39.037949,5.0,140.0,8.0,2020-02-16,2020-03-01,2020-04-05,2020-07-05,[],0.018131753192142403,3.1791925244789674,0.0073579137966306414,215.35098893785633,5.37565076907893,48.26306651253301,27.289204252368798
35.0,0.0,0.0,18.0,0.2531863570126832,4916.0,123.0,True,2023-12-05 16:26:56,2023-12-05 16:27:30,34.949898,5.0,140.0,8.0,2020-02-16,2020-03-01,2020-04-05,2020-07-05,[],0.01400867212568229,3.169907385176736,0.009283962735280125,190.53569143961704,5.334197965359405,48.76834685906958,28.306813975901996
35.0,0.0,0.0,19.0,0.2545407507614335,3902.0,105.0,True,2023-12-05 16:27:30,2023-12-05 16:27:55,24.291453,5.0,140.0,8.0,2020-02-16,2020-03-01,2020-04-05,2020-07-05,[],0.020335765931908566,3.179641423200465,0.00712364526151226,164.10254799710324,5.872188982856889,48.70347501999974,26.629258579663297
42.0,0.0,0.0,0.0,0.2095672041113577,3921.0,98.0,True,2023-12-05 16:27:55,2023-12-05 16:28:19,24.302876,5.0,147.0,8.0,2020-02-16,2020-03-01,2020-04-12,2020-07-12,[],0.02126344275191068,3.1700954839853654,0.008242645580111806,343.72681921767395,5.999573405709584,41.446309440016826,19.143980166847697
42.0,0.0,0.0,1.0,0.20822135104043096,4026.0,93.0,True,2023-12-05 16:28:19,2023-12-05 16:28:48,28.668188,5.0,147.0,8.0,2020-02-16,2020-03-01,2020-04-12,2020-07-12,[],0.02992227365365783,3.1706248249264997,0.005752697828252689,282.34766910131617,5.97250125796855,41.558332805471586,19.10659655195869
42.0,0.0,0.0,2.0,0.2096749736645782,3059.0,72.0,True,2023-12-05 16:28:48,2023-12-05 16:29:12,24.003606,5.0,147.0,8.0,2020-02-16,2020-03-01,2020-04-12,2020-07-12,[],0.014665800948268541,3.1704122917282587,0.011948387513051073,94.01238775919691,5.939976625697726,41.0192627815789,18.159200207189496
42.0,0.0,0.0,3.0,0.20827698266131084,4309.0,110.0,True,2023-12-05 16:29:12,2023-12-05 16:29:45,33.240339,5.0,147.0,8.0,2020-02-16,2020-03-01,2020-04-12,2020-07-12,[],0.023274164820446492,3.1694755505477064,0.00765924651129919,247.56137042255253,6.004009568442095,41.27309556788517,18.676839323331443
42.0,0.0,0.0,4.0,0.2082395151900378,3838.0,97.0,True,2023-12-05 16:29:45,2023-12-05 16:30:10,25.133219,5.0,147.0,8.0,2020-02-16,2020-03-01,2020-04-12,2020-07-12,[],0.018656658351523706,3.1739778473789246,0.009181183246466398,95.43123497734076,6.001466762263546,41.794336544261505,18.829851693763608
42.0,0.0,0.0,5.0,0.20831973141079416,3971.0,96.0,True,2023-12-05 16:30:10,2023-12-05 16:30:41,30.377094,5.0,147.0,8.0,2020-02-16,2020-03-01,2020-04-12,2020-07-12,[],0.031877138527649077,3.1689351756345823,0.005395736684190514,114.3713160370427,5.974367016781652,41.56429006007086,19.441834063227475
42.0,0.0,0.0,6.0,0.2110869565669639,2693.0,62.0,True,2023-12-05 16:30:41,2023-12-05 16:31:03,22.201278,5.0,147.0,8.0,2020-02-16,2020-03-01,2020-04-12,2020-07-12,[],0.03510684291119421,3.18934675156943,0.005245727148417537,108.98141776421205,5.9577877753491215,41.69307882559889,18.720549107195016
42.0,0.0,0.0,7.0,0.20900536117300256,3952.0,95.0,True,2023-12-05 16:31:03,2023-12-05 16:31:32,29.570513,5.0,147.0,8.0,2020-02-16,2020-03-01,2020-04-12,2020-07-12,[],0.022056519791240257,3.1808369734436486,0.008681081939874545,273.1569028351387,5.996783533461788,40.84147883337204,18.29807534554557
42.0,0.0,0.0,8.0,0.2090258868017864,4149.0,110.0,True,2023-12-05 16:31:32,2023-12-05 16:32:02,29.978275,5.0,147.0,8.0,2020-02-16,2020-03-01,2020-04-12,2020-07-12,[],0.02357705451327769,3.1787831989376567,0.007395965050913245,282.38066069546807,6.000569599746559,41.87126706343292,19.25867893165308
42.0,0.0,0.0,9.0,0.20923913714541395,3438.0,89.0,True,2023-12-05 16:32:02,2023-12-05 16:32:26,23.490107,5.0,147.0,8.0,2020-02-16,2020-03-01,2020-04-12,2020-07-12,[],0.023049994892464426,3.175949205359858,0.0075522235849756645,243.50484158196346,5.97660599622169,41.73822596197609,19.341943570153852
42.0,0.0,0.0,10.0,0.20813759107841057,3367.0,84.0,True,2023-12-05 16:32:26,2023-12-05 16:32:52,25.912397,5.0,147.0,8.0,2020-02-16,2020-03-01,2020-04-12,2020-07-12,[],0.0272456872203435,3.1767959469031304,0.0067238540146806625,145.64991343351,5.980111732671813,40.939153775112196,18.143970823414193
42.0,0.0,0.0,11.0,0.20786824190128134,4319.0,100.0,True,2023-12-05 16:32:52,2023-12-05 16:33:22,30.360081,5.0,147.0,8.0,2020-02-16,2020-03-01,2020-04-12,2020-07-12,[],0.03040075770037312,3.1705279916169626,0.005918878447940208,175.00308773891692,6.011367224507081,41.107264417471185,18.287772806381852
42.0,0.0,0.0,12.0,0.20926898417055956,3948.0,107.0,True,2023-12-05 16:33:22,2023-12-05 16:33:49,27.341929,5.0,147.0,8.0,2020-02-16,2020-03-01,2020-04-12,2020-07-12,[],0.016170030271349643,3.1725281652407427,0.010552251131790095,255.49862668876892,6.010076919928747,41.84859656027813,18.778373217995806
42.0,0.0,0.0,13.0,0.20875651120253996,4181.0,110.0,True,2023-12-05 16:33:50,2023-12-05 16:34:18,28.531965,5.0,147.0,8.0,2020-02-16,2020-03-01,2020-04-12,2020-07-12,[],0.02425153086045679,3.172553494589942,0.0071398958183345245,352.8091199887459,5.992789326666295,41.62769431309993,18.728937164664544
42.0,0.0,0.0,14.0,0.20848632955414967,3703.0,100.0,True,2023-12-05 16:34:18,2023-12-05 16:34:43,25.372651,5.0,147.0,8.0,2020-02-16,2020-03-01,2020-04-12,2020-07-12,[],0.014566905096502488,3.1844419342285644,0.012873431625807844,135.72345581123142,6.004913042298627,41.208751510642024,18.47436466384862
42.0,0.0,0.0,15.0,0.20869639480609942,3413.0,78.0,True,2023-12-05 16:34:43,2023-12-05 16:35:08,24.789026,5.0,147.0,8.0,2020-02-16,2020-03-01,2020-04-12,2020-07-12,[],0.018934016078915414,3.1727426884596106,0.009525600353175963,215.75349974780787,5.995432469629806,41.199582419541215,19.21018238286797
42.0,0.0,0.0,16.0,0.20981818972450506,4171.0,112.0,True,2023-12-05 16:35:08,2023-12-05 16:35:38,30.269258,5.0,147.0,8.0,2020-02-16,2020-03-01,2020-04-12,2020-07-12,[],0.013772315995938492,3.171841680984141,0.01261298457795439,286.52280400095975,5.977098624275943,41.429307843037314,19.177618857235746
42.0,0.0,0.0,17.0,0.20930414190142102,3213.0,86.0,True,2023-12-05 16:35:39,2023-12-05 16:36:04,25.688768,5.0,147.0,8.0,2020-02-16,2020-03-01,2020-04-12,2020-07-12,[],0.024051087922749653,3.1752611042944143,0.007955360634200121,128.34297710051118,5.9449629045411285,40.48579607405115,17.997046582953566
42.0,0.0,0.0,18.0,0.2100345578517624,3590.0,89.0,True,2023-12-05 16:36:04,2023-12-05 16:36:28,24.008438,5.0,147.0,8.0,2020-02-16,2020-03-01,2020-04-12,2020-07-12,[],0.037738834846361,3.1766064821794604,0.004761689579657398,312.59419474726354,5.954939331257125,41.352790678601316,18.673102484739744
42.0,0.0,0.0,19.0,0.20860054229806935,3372.0,75.0,True,2023-12-05 16:36:28,2023-12-05 16:36:54,25.798262,5.0,147.0,8.0,2020-02-16,2020-03-01,2020-04-12,2020-07-12,[],0.027114707696793833,3.1819536880603163,0.0070225146445614985,298.8161649924819,5.989581426118787,40.93739345796825,18.351037836550717
49.0,0.0,0.0,0.0,0.15698636340557348,3595.0,88.0,True,2023-12-05 16:36:54,2023-12-05 16:37:24,30.272605,5.0,154.0,8.0,2020-02-16,2020-03-01,2020-04-19,2020-07-19,[],0.023623714863914052,3.1891870816846324,0.007840237498084733,156.10968711985188,6.253162170930407,42.8462453649584,20.089376762679976
49.0,0.0,0.0,1.0,0.15892997750944876,4283.0,96.0,True,2023-12-05 16:37:24,2023-12-05 16:38:00,36.125862,5.0,154.0,8.0,2020-02-16,2020-03-01,2020-04-19,2020-07-19,[],0.023198698236758672,3.1728091635442928,0.008163911166421034,213.7241357653041,6.257833328057986,42.16183298529498,20.1765939998977
49.0,0.0,0.0,2.0,0.15768264445528662,3698.0,93.0,True,2023-12-05 16:38:00,2023-12-05 16:38:26,25.345569,5.0,154.0,8.0,2020-02-16,2020-03-01,2020-04-19,2020-07-19,[],0.025364820669110107,3.190826617796979,0.007588806655046855,135.00030467828262,6.256230027885548,42.479544374266155,20.24099629640413
49.0,0.0,0.0,3.0,0.1555379265565617,4551.0,108.0,True,2023-12-05 16:38:26,2023-12-05 16:39:00,33.818152,5.0,154.0,8.0,2020-02-16,2020-03-01,2020-04-19,2020-07-19,[],0.019201179764374358,3.1863108198945165,0.009582539678084317,117.92016580190871,6.256007082547147,42.70492015932014,20.414801362508896
49.0,0.0,0.0,4.0,0.157149001448539,4201.0,90.0,True,2023-12-05 16:39:00,2023-12-05 16:39:31,30.888452,5.0,154.0,8.0,2020-02-16,2020-03-01,2020-04-19,2020-07-19,[],0.03368972997478662,3.1800473283096142,0.005338819335105676,243.1092907861348,6.244930881978615,42.61451103492668,19.585849217468677
49.0,0.0,0.0,5.0,0.15805055656482123,3121.0,82.0,True,2023-12-05 16:39:31,2023-12-05 16:39:52,21.596355,5.0,154.0,8.0,2020-02-16,2020-03-01,2020-04-19,2020-07-19,[],0.015253612094532826,3.1790795603023376,0.012032864947530822,112.2371106742846,6.235098972460075,42.2780463428613,20.40867283154406
49.0,0.0,0.0,6.0,0.15700556984413905,3273.0,74.0,True,2023-12-05 16:39:52,2023-12-05 16:40:18,25.403512,5.0,154.0,8.0,2020-02-16,2020-03-01,2020-04-19,2020-07-19,[],0.02062666161662904,3.1990154026488615,0.009172414639383463,204.6341344776712,6.230777233942856,42.835892802545835,20.00823240403012
49.0,0.0,0.0,7.0,0.15627398996001537,4619.0,120.0,True,2023-12-05 16:40:18,2023-12-05 16:40:50,32.258966,5.0,154.0,8.0,2020-02-16,2020-03-01,2020-04-19,2020-07-19,[],0.018195182200399604,3.1842412129647477,0.009966484487236334,211.8056117742959,6.223579378116256,42.618184150827275,19.82250137545079
49.0,0.0,0.0,8.0,0.15566997693250217,3764.0,83.0,True,2023-12-05 16:40:50,2023-12-05 16:41:16,26.463598,5.0,154.0,8.0,2020-02-16,2020-03-01,2020-04-19,2020-07-19,[],0.031814098463196376,3.17234541810662,0.005507874714327127,97.89639843760864,6.253922511298601,42.610399666788624,19.70805026900463
49.0,0.0,0.0,9.0,0.1566254919548084,3970.0,101.0,True,2023-12-05 16:41:16,2023-12-05 16:41:43,26.956112,5.0,154.0,8.0,2020-02-16,2020-03-01,2020-04-19,2020-07-19,[],0.030438311904201446,3.172355557627683,0.005887072414544309,145.54551300538492,6.2578408654106905,42.410179676878,20.355132345846265
49.0,0.0,0.0,10.0,0.1568794720156126,3646.0,81.0,True,2023-12-05 16:41:43,2023-12-05 16:42:09,25.738331,5.0,154.0,8.0,2020-02-16,2020-03-01,2020-04-19,2020-07-19,[],0.01739562239953358,3.1813740747043084,0.011065829709335765,139.4135082738714,6.264149105968769,42.19813760589706,19.916148534343417
49.0,0.0,0.0,11.0,0.15786334111024905,3687.0,84.0,True,2023-12-05 16:42:09,2023-12-05 16:42:36,26.625149,5.0,154.0,8.0,2020-02-16,2020-03-01,2020-04-19,2020-07-19,[],0.016992853847932397,3.1835212593563353,0.01105975308075491,242.0545019406575,6.219415765973029,42.30952542417699,19.959469792724548
49.0,0.0,0.0,12.0,0.1565911451885187,3385.0,90.0,True,2023-12-05 16:42:36,2023-12-05 16:42:57,21.243242,5.0,154.0,8.0,2020-02-16,2020-03-01,2020-04-19,2020-07-19,[],0.015288004259336324,3.174617307312469,0.012088421739493243,298.8133693912716,6.252342993724871,42.183119742368255,19.536284526519243
49.0,0.0,0.0,13.0,0.1571900061371066,4116.0,107.0,True,2023-12-05 16:42:57,2023-12-05 16:43:25,28.521772,5.0,154.0,8.0,2020-02-16,2020-03-01,2020-04-19,2020-07-19,[],0.014079916506876027,3.1872437158291915,0.013128309479015367,231.57543918229484,6.240671695087699,42.71143931794057,19.987381329301105
49.0,0.0,0.0,14.0,0.1565346042452273,3567.0,84.0,True,2023-12-05 16:43:25,2023-12-05 16:43:53,27.415215,5.0,154.0,8.0,2020-02-16,2020-03-01,2020-04-19,2020-07-19,[],0.032290193692958206,3.174289941044362,0.005455791836762253,315.65427934558005,6.256721914518861,42.717217968532104,19.8796226721729
49.0,0.0,0.0,15.0,0.15676041652284256,3473.0,90.0,True,2023-12-05 16:43:53,2023-12-05 16:44:17,24.34979,5.0,154.0,8.0,2020-02-16,2020-03-01,2020-04-19,2020-07-19,[],0.02680599746098089,3.179967954135307,0.0066775677405440555,159.05780836738813,6.24176038702719,42.814706109564504,19.52805782764305
49.0,0.0,0.0,16.0,0.15748981888945685,4723.0,96.0,True,2023-12-05 16:44:17,2023-12-05 16:44:52,35.075749,5.0,154.0,8.0,2020-02-16,2020-03-01,2020-04-19,2020-07-19,[],0.0373514526168551,3.188007806820329,0.004890528017958414,267.90069704076575,6.236869654952127,42.82101443190609,19.76546396151361
49.0,0.0,0.0,17.0,0.15596642691571877,4104.0,103.0,True,2023-12-05 16:44:52,2023-12-05 16:45:20,27.453024,5.0,154.0,8.0,2020-02-16,2020-03-01,2020-04-19,2020-07-19,[],0.0189641019064286,3.188721763131078,0.009737283893429831,217.12694673795673,6.236263315006767,42.66964432291803,19.6687076526659
49.0,0.0,0.0,18.0,0.15581009712068095,4535.0,116.0,True,2023-12-05 16:45:20,2023-12-05 16:45:52,32.324372,5.0,154.0,8.0,2020-02-16,2020-03-01,2020-04-19,2020-07-19,[],0.018703770011832075,3.185264791970246,0.009845747080029586,247.42014559363358,6.250312116301557,42.6667385596295,19.863155976014934
49.0,0.0,0.0,19.0,0.15641941061583223,4319.0,116.0,True,2023-12-05 16:45:52,2023-12-05 16:46:21,28.718095,5.0,154.0,8.0,2020-02-16,2020-03-01,2020-04-19,2020-07-19,[],0.04040320937263903,3.182078902541969,0.004615846860958544,158.79574226989075,6.2606635935499915,42.57246352079116,20.018861832416764
56.0,0.0,0.0,0.0,0.15789204780436492,4422.0,97.0,True,2023-12-05 16:46:21,2023-12-05 16:46:56,34.983461,5.0,161.0,8.0,2020-02-16,2020-03-01,2020-04-26,2020-07-26,[],0.03480145027142537,3.1837182214127924,0.004807050095111977,335.3880446357913,6.681692704339326,46.429549283569,24.80633860256313
56.0,0.0,0.0,1.0,0.18629221020915832,3108.0,83.0,True,2023-12-05 16:46:56,2023-12-05 16:47:18,21.715564,5.0,161.0,8.0,2020-02-16,2020-03-01,2020-04-26,2020-07-26,[],0.03643224795159146,3.181289588048302,0.005470041946992892,166.83091536313302,5.199955232189349,37.238200572999794,14.621499728359936
56.0,0.0,0.0,2.0,0.1580322009482736,4565.0,118.0,True,2023-12-05 16:47:18,2023-12-05 16:47:47,29.539514,5.0,161.0,8.0,2020-02-16,2020-03-01,2020-04-26,2020-07-26,[],0.03712215107802575,3.2013877797426273,0.004756263738997236,200.62227962114423,6.693171377313384,46.59106168640769,24.151969550514114
56.0,0.0,0.0,3.0,0.15860941154563613,3191.0,76.0,True,2023-12-05 16:47:47,2023-12-05 16:48:11,23.812307,5.0,161.0,8.0,2020-02-16,2020-03-01,2020-04-26,2020-07-26,[],0.021696642968884926,3.220150096596213,0.008664978679073655,312.7088324159489,6.698203973706725,46.548027050161494,23.57628027454354
56.0,0.0,0.0,4.0,0.1591862300903062,3602.0,85.0,True,2023-12-05 16:48:11,2023-12-05 16:48:37,26.083972,5.0,161.0,8.0,2020-02-16,2020-03-01,2020-04-26,2020-07-26,[],0.018595857647796487,3.1693053407110554,0.008225046158496048,215.77769585414495,6.660629972802393,46.36805639191306,23.574966027955707
56.0,0.0,0.0,5.0,0.15896927910921088,3714.0,93.0,True,2023-12-05 16:48:37,2023-12-05 16:49:06,29.162159,5.0,161.0,8.0,2020-02-16,2020-03-01,2020-04-26,2020-07-26,[],0.032649593413736265,3.1832274319497893,0.0055715568211854565,101.67860081225741,6.6950656706785985,45.831259092865686,24.834343335874717
56.0,0.0,0.0,6.0,0.1573813306432419,4053.0,110.0,True,2023-12-05 16:49:06,2023-12-05 16:49:34,28.050774,5.0,161.0,8.0,2020-02-16,2020-03-01,2020-04-26,2020-07-26,[],0.023277573852430993,3.2039872726205285,0.007342195734351054,334.831774418412,6.698432943393955,46.77142550014318,23.59072584795476
56.0,0.0,0.0,7.0,0.15875687754485582,3907.0,88.0,True,2023-12-05 16:49:34,2023-12-05 16:50:04,30.150604,5.0,161.0,8.0,2020-02-16,2020-03-01,2020-04-26,2020-07-26,[],0.03139776611618554,3.175211777452227,0.0054725393952884255,92.36414804758631,6.6721743043747335,45.761784630938436,23.819514169754356
56.0,0.0,0.0,8.0,0.15801584029094262,3242.0,85.0,True,2023-12-05 16:50:04,2023-12-05 16:50:26,21.247169,5.0,161.0,8.0,2020-02-16,2020-03-01,2020-04-26,2020-07-26,[],0.027580013446108293,3.21503978841795,0.006801449277548777,303.1039985918348,6.681783679413095,46.40432152989103,24.05722866403513
56.0,0.0,0.0,9.0,0.15661545922241815,3673.0,82.0,True,2023-12-05 16:50:26,2023-12-05 16:50:53,27.148959,5.0,161.0,8.0,2020-02-16,2020-03-01,2020-04-26,2020-07-26,[],0.036069946748426104,3.2014106323198246,0.004847975747439467,139.9725624804281,6.695220201931198,46.555225309118555,24.207034859097185
56.0,0.0,0.0,10.0,0.1580043502423685,3543.0,84.0,True,2023-12-05 16:50:53,2023-12-05 16:51:20,27.082629,5.0,161.0,8.0,2020-02-16,2020-03-01,2020-04-26,2020-07-26,[],0.041897983278363755,3.192928389726906,0.004158036443674375,295.3006356643914,6.674509777094858,46.44728960643116,24.848649846860155
56.0,0.0,0.0,11.0,0.15906606031095563,3169.0,82.0,True,2023-12-05 16:51:20,2023-12-05 16:51:43,22.927052,5.0,161.0,8.0,2020-02-16,2020-03-01,2020-04-26,2020-07-26,[],0.019260674495722007,3.2390377128615375,0.01076400172073237,214.54486222105163,6.695110929527767,46.50107685753896,23.935127622693273
56.0,0.0,0.0,12.0,0.1841856057305723,3937.0,98.0,True,2023-12-05 16:51:43,2023-12-05 16:52:12,29.40419,5.0,161.0,8.0,2020-02-16,2020-03-01,2020-04-26,2020-07-26,[],0.02517683622652005,3.182119053675392,0.007405058645005532,183.26029244741994,5.182650108513218,37.46071774180675,15.740698234155683
56.0,0.0,0.0,13.0,0.1850435918710546,4662.0,121.0,True,2023-12-05 16:52:12,2023-12-05 16:52:46,34.011315,5.0,161.0,8.0,2020-02-16,2020-03-01,2020-04-26,2020-07-26,[],0.037153799263172214,3.1943661178233977,0.005566301637684812,190.8982880308496,5.164753299015907,36.680905434245,14.210576197790049
56.0,0.0,0.0,14.0,0.15769238292488796,4375.0,100.0,True,2023-12-05 16:52:46,2023-12-05 16:53:16,30.042163,5.0,161.0,8.0,2020-02-16,2020-03-01,2020-04-26,2020-07-26,[],0.029226236642548788,3.1985809431292385,0.006024847464963755,190.69093979491805,6.688399742448,46.65358278410521,24.668724560180433
56.0,0.0,0.0,15.0,0.15794519451786027,3127.0,84.0,True,2023-12-05 16:53:16,2023-12-05 16:53:35,18.771979,5.0,161.0,8.0,2020-02-16,2020-03-01,2020-04-26,2020-07-26,[],0.03234828477046382,3.200663135082769,0.005398138149168416,156.15574836299734,6.699731735750034,46.667031243857885,24.266876723669938
56.0,0.0,0.0,16.0,0.15655873667399972,3796.0,83.0,True,2023-12-05 16:53:35,2023-12-05 16:54:02,27.017037,5.0,161.0,8.0,2020-02-16,2020-03-01,2020-04-26,2020-07-26,[],0.02804638080948851,3.18287091845783,0.005833128921553115,287.02995724842964,6.695148641665851,46.36848431707338,23.56014928523081
56.0,0.0,0.0,17.0,0.18508245335324516,3463.0,92.0,True,2023-12-05 16:54:02,2023-12-05 16:54:24,22.293805,5.0,161.0,8.0,2020-02-16,2020-03-01,2020-04-26,2020-07-26,[],0.023282020900527958,3.1920056807823523,0.008901468351219332,222.10074652287742,5.146006641202446,36.68040162113243,15.406748355346647
56.0,0.0,0.0,18.0,0.16046409710304516,2927.0,68.0,True,2023-12-05 16:54:24,2023-12-05 16:54:46,21.701444,5.0,161.0,8.0,2020-02-16,2020-03-01,2020-04-26,2020-07-26,[],0.033917094382290354,3.2234916526994715,0.005209166230431471,292.3314191488635,6.680096422082096,47.4404226029213,25.016317115114795
56.0,0.0,0.0,19.0,0.15878369476546444,3364.0,91.0,True,2023-12-05 16:54:46,2023-12-05 16:55:07,21.266283,5.0,161.0,8.0,2020-02-16,2020-03-01,2020-04-26,2020-07-26,[],0.022906036765685686,3.2124852350296793,0.007945770637869397,132.18386047443872,6.695603639404971,46.64108370816954,24.046639899007793
