location,estimation,result_fun,result_nfev,result_nit,result_success,start_time,end_time,duration_seconds,pop_size,period_in_days,days_to_recovery,cumulative_days_in_first_outbreak_to_max_bound_I0,date_first_case,list_breakpoints_in_slow_transition,x_initial_infected_population,x_days_between_infections_0,x_case_fatality_probability_0,x_loss_immunity_in_days_0,x_case_fatality_probability_1,x_loss_immunity_in_days_1,x_case_fatality_probability_2,x_loss_immunity_in_days_2,x_case_fatality_probability_3,x_loss_immunity_in_days_3,x_case_fatality_probability_4,x_loss_immunity_in_days_4,x_days_between_infections_1,x_breakpoint_1,x_transition_days_between_epidemic_periods_1,x_days_between_infections_2,x_breakpoint_2,x_transition_days_between_epidemic_periods_2,x_days_between_infections_3,x_breakpoint_3,x_transition_days_between_epidemic_periods_3,x_days_between_infections_4,x_breakpoint_4,x_transition_days_between_epidemic_periods_4,x_days_between_infections_5,x_breakpoint_5,x_transition_days_between_epidemic_periods_5,x_days_between_infections_6,x_breakpoint_6,x_transition_days_between_epidemic_periods_6,x_days_between_infections_7,x_breakpoint_7,x_transition_days_between_epidemic_periods_7,x_days_between_infections_8,x_breakpoint_8,x_transition_days_between_epidemic_periods_8,x_days_between_infections_9,x_breakpoint_9,x_transition_days_between_epidemic_periods_9,x_days_between_infections_10,x_breakpoint_10,x_transition_days_between_epidemic_periods_10,x_days_between_infections_11,x_breakpoint_11,x_transition_days_between_epidemic_periods_11,x_days_between_infections_12,x_breakpoint_12,x_transition_days_between_epidemic_periods_12,x_days_between_infections_13,x_breakpoint_13,x_transition_days_between_epidemic_periods_13,x_days_between_infections_14,x_breakpoint_14,x_transition_days_between_epidemic_periods_14,x_days_between_infections_15,x_breakpoint_15,x_transition_days_between_epidemic_periods_15
United States,0.0,0.1587255004171273,402833.0,1398.0,True,2023-11-17 16:49:06,2023-11-18 00:24:02,27296.043869,5.0,1055.0,8.0,0.0,2020-02-11,"[2, 4, 9, 13]",0.0066187597102689,2.6719349724943995,0.013002675292202,213.66277818572053,0.0016634966863706,186.2251137921667,0.0017846007397821,251.0588226929635,0.0006247507972788,170.36803681535238,0.000538653613448,200.34345749533475,9.042550493869822,46.73495659657216,25.303374625291884,7.013234877118563,120.22644237770176,5.446356586062755,6.65870595661886,238.01145337960423,14.47304561215755,5.149051683321627,279.3534301255291,45.06375419681192,4.046231509251856,506.89849946372703,7.933167355661133,4.599903779641194,568.9717882104492,38.780758046297485,4.551355022248236,622.0733045975887,10.251478948719845,2.943209577949676,674.555414489141,38.32768983227982,2.5638784921846907,696.0889875659004,7.381982450830897,3.2827658440006457,810.1592960257842,50.836304518839256,3.39031643091066,841.2512978152869,49.624132068369406,4.785439085008778,929.1673574653076,49.56211057991515,3.790292782749801,957.5646809716546,46.97406022030056,4.493411467544975,1002.5123140195824,40.16389125360032,4.060873567464912,1011.2044674948376,27.30056637783285
United States,1.0,0.1572415040171333,521955.0,1806.0,True,2023-11-18 00:24:02,2023-11-18 10:34:59,36657.373731,5.0,1055.0,8.0,0.0,2020-02-11,"[2, 4, 9, 13]",0.0053356274208812,2.5474714812741928,0.0082853005968522,317.720050057654,0.0015609914098093,215.5351889438614,0.0023630147330088,326.4933575879842,0.0003119523803871,125.32698208102836,0.0009643805038967,347.31890478255525,8.885247215147723,45.6727091947195,23.77663146165947,7.022123495567744,116.97896484760471,2.542018884141364,6.185949333808985,246.3905014899293,27.49077575161415,5.060537911326674,279.0227660728787,47.1970573241677,3.551360699817716,517.822258520917,11.50763799262068,4.412131084351886,551.3880819339747,45.26608744467899,5.595495757220503,622.5341984016991,46.01415037371223,3.7244479445836967,658.9229728535445,52.50842717844883,2.755557207706587,684.8218652570658,40.450087860941295,3.423625839784512,810.3073872539254,4.8178995651961,3.787695277652388,845.8097761502146,42.82490907293931,4.878240504097753,932.2736101192652,52.68512879143053,4.6494624260699045,958.7744071930894,51.020927730442935,3.966525276129957,1007.3521158813928,29.598305873864675,4.134739983844431,1011.5319340559188,10.630434186520883
United States,2.0,0.1556665200831668,305108.0,1049.0,True,2023-11-18 10:34:59,2023-11-18 16:27:16,21137.023713,5.0,1055.0,8.0,0.0,2020-02-11,"[2, 4, 9, 13]",0.0025113285665547,2.4702151195197555,0.0101454243687373,292.5471821091026,0.001660710813619,318.3807224641618,0.0020412309574142,274.33384733296333,0.0007483571476063,244.19296328388776,0.0010604263203599,121.62906554725,8.97197004698849,45.73929278261356,24.10777003271292,7.0103423438204375,116.7392933956018,7.47628458559943,6.73872325068386,241.1092016920667,29.36668918899257,4.907874608572842,275.5194611482429,50.97087556134709,3.505560884264908,513.000871760084,9.439575503015,4.745356071058646,562.8350736059756,40.25641036062992,4.210427464033159,621.2859507818514,27.19053876904953,3.392014128644912,665.9989126171522,45.04925794141271,2.5562999657922805,689.0390470625903,19.303061392047105,2.852230716492848,812.9955893011676,55.333762894458886,3.5442446511753984,865.2860305019092,36.28606188395037,4.7992157564231865,930.2213593702622,49.16156296839651,5.060976522259387,958.0426324615008,49.13077878955683,4.291930073922752,1008.951168656061,6.333882600739134,6.058979701261967,1011.8216410772154,50.20783040108009
United States,3.0,0.1526775837630576,915576.0,3203.0,True,2023-11-18 16:27:16,2023-11-19 09:34:44,61647.286686,5.0,1055.0,8.0,0.0,2020-02-11,"[2, 4, 9, 13]",0.0046766913485721,2.551605603602724,0.0093097248509994,239.7352151641836,0.0016430995669404,349.8029536236736,0.0022527045512669,262.69034483184265,0.0026400664373972,244.30986829519745,0.0024312365079041,346.7006095500184,9.075739005849345,46.1617195000432,23.60964222731249,7.0400835954963785,115.76615953426546,5.337674242110218,6.196147838490028,248.55459415007425,26.25084459512465,4.940055459563863,280.370575525622,50.60763545727698,3.62948624247904,516.8323073804578,2.701453994647135,5.30302197587582,564.6813926061157,38.95278325157601,5.12859875993099,622.7723780381355,34.12256889586944,2.822306830822097,682.3344088056687,31.908797200498807,5.825302936918407,694.3136520323889,50.658579046264414,4.739473893211559,812.4201343423632,26.91169273075683,4.970652786137166,841.0390755096859,21.70290689796197,6.572742707257535,929.5887062484952,52.5719330946539,6.153380876620808,960.0122738097424,3.9111357313489,5.175338372192894,1008.4075150285474,18.708200606926795,5.671021458355116,1011.6940404220117,25.357162043232574
United States,4.0,0.161288248723932,356850.0,1245.0,True,2023-11-19 19:36:01,2023-11-20 02:17:39,24097.738505,5.0,1055.0,8.0,0.0,2020-02-11 00:00:00,"[2, 4, 9, 13]",0.0061760547442128,2.624605235289616,0.0112378938942101,357.5614229906214,0.0015349321278012,305.9465321715586,0.0028813898538504,279.6911409709729,0.0006368312974681,175.23248869797905,0.0006207372662886,202.8579712632108,9.139527640530188,46.37364226377558,24.198971727003386,6.989373418729914,116.82449038840906,12.753272575574622,6.559894121953183,245.9948885964548,19.93645001047604,5.261591006728769,265.58397038079835,45.7337669954572,4.057087188126076,518.2783644486728,8.094449096923583,4.7645418756873,568.2764814137986,1.9629856731727813,5.860730079811403,621.9846302443395,44.44671602792674,3.153350168792344,674.4056685401304,35.54239928732578,4.124500378229945,698.6344611883903,52.04689223084169,3.946771608592284,809.779866794217,40.62990064742321,4.159533352266385,856.7672864259295,21.50809612745858,4.997088631813476,931.0388301223512,46.73219251556603,4.692501737670317,959.7552284120572,11.150424481319789,3.969897709157486,1006.8720149867148,11.095448672102012,5.468826151068324,1011.8609298051769,52.57462941669273
Spain,0.0,0.3123788202420607,362010.0,1308.0,True,2023-11-20 15:36:37,2023-11-20 18:57:27,12050.527724,5.0,1068.0,8.0,0.0,2020-01-29 00:00:00,"[3, 5, 9, 12]",0.0056618627549604,2.2994138407530285,0.0032675515348598,125.62659218300968,0.0009207140302842,192.6921360540302,0.0015102707839761,122.75786475928868,0.0003520462431427,122.39035513799683,0.0003321769089268,309.7755723517213,11.100990014555174,47.61920491253555,25.71567467742875,4.692004430457621,160.35076119307826,0.1142554065290752,5.624766014028723,179.84427671284385,9.76163726302633,3.7332926094197902,331.6735976490375,3.3638834510110804,5.413716098053152,413.5278703275919,50.520883184478535,2.7847964102528344,514.8001164339901,7.514559467199589,7.799596076916736,527.3536664433834,53.3696975491604,5.209814389416737,638.746924209185,3.0530875800245774,4.590188425968789,689.7738121063245,10.979019104383603,5.8566194990400176,777.5973186109295,55.03207936712615,4.046397612105748,792.1614254771436,7.53137538183168,2.9544532494469222,865.0947427052549,14.759779129955673,2.7100374165793064,961.254131169154,43.80478790728698,2.442923807876327,1002.3547806256968,31.75743035099796,,,
United Kingdom,0.0,0.2258666507989242,230167.0,880.0,True,2023-11-20 18:57:27,2023-11-20 20:38:54,6086.767114,5.0,1055.0,8.0,,2020-02-11 00:00:00,"[1, 4, 7, 10]",0.0014822662952557,2.1336368493984628,0.0118714466253274,239.36698180683325,0.0032950156354533,286.1803907087857,0.0002725277026298,206.6125956531939,0.0007666231883934,177.5660336048294,0.0029553194339906,350.62887928197665,10.007816676097727,42.38760755009076,24.545306775650545,4.909257188643005,191.20551543631552,12.681018073282786,7.99391224808394,262.554830843042,33.504265854155456,3.7676642596877215,307.7362914451048,24.11199698938792,3.159418642974738,469.19124493060224,19.70684267414056,3.68431167189582,511.0825507343231,11.195649306429186,3.618069113410425,594.8000429295471,13.437871320055264,3.723754013705651,662.3604424819981,50.69561428252174,4.598903713115497,734.3695067619586,55.97376375689727,5.486868224305317,839.5708207676677,55.58976862688135,5.255013891707804,936.1073404672446,21.81588686028296,6.065348432670175,1002.8358053953572,32.70920102813838,5.239236812327159,1011.313762325002,26.57712328658808,,,,,,
Spain,1.0,0.3143744804050026,295995.0,1091.0,True,2023-11-20 21:57:58,2023-11-21 04:12:30,22472.796328,5.0,1068.0,8.0,0.0,2020-01-29 00:00:00,"[3, 5, 9, 12]",0.0022946070798573,2.239933315749594,0.0045416241251248,266.3551187328315,0.0007433041129261,126.37678130567944,0.0015638796501703,236.0910326388409,0.0004860325669288,160.98211261404117,0.0002409786361008,161.3392387245629,11.458403642526443,47.69523903281032,25.78603421767195,4.720187856690549,161.03397111227585,4.186821725115266,5.639557639034848,176.5171385941564,8.91443302089413,3.843414998006354,330.37035068025983,1.4247523487026434,4.973075268916812,411.5468123280896,44.58828990926911,2.7029276302608864,515.6466228892465,2.8735421360617863,6.806252147950239,534.4185925574051,51.57931654304518,3.565712517859516,654.6485814618446,25.57471617024158,5.465997093586658,707.419342219816,51.88318381252861,3.664892738244344,781.6607447671312,29.38023697708008,4.021932695216202,817.5271853560488,16.247300158405782,2.858068841239269,866.0908834351391,17.00729931011189,3.3325033681946525,956.6333226674768,54.85873519159539,3.48112204332294,1004.0177458868228,52.58203493953354,,,
United States,5.0,0.1602716092709184,710855.0,2480.0,True,2023-11-21 08:03:21,2023-11-21 21:36:13,48771.928875,5.0,1055.0,8.0,0.0,2020-02-11 00:00:00,"[2, 4, 9, 13]",0.0062221890772007,2.610712864694798,0.009921208508582,227.2059826557972,0.0018823613272742,327.46134975045413,0.0018835742751047,228.94118767623303,0.0033005480695346,289.37342345118725,0.0023902549701737,311.86766225232725,9.02546935637448,46.50466126041381,25.14725883387001,7.035132310089693,119.29322930738614,5.117849938438802,6.203442854258126,241.3375395672509,8.333301392579731,5.0416787486534425,289.49183266784155,40.51966909470126,3.982462280822841,514.778578843675,3.1970937781712543,4.693222970500417,551.8399883945845,28.94070567958155,6.553608192670918,622.2829330898421,49.41331191585385,3.183176521095728,667.1080917134528,27.52086653405681,6.133638063560031,699.2052533421992,47.44360206434612,4.910663570349527,808.5523942412723,21.49177562182223,5.007143654570598,858.7494930589257,36.2290464709886,6.519718387134047,931.0172675206262,49.45816681520025,5.934867900349187,960.6935494532402,40.09240414905086,4.688997873248007,1010.645264951372,15.509761115118849,6.033328110360365,1011.4533032448486,49.68772458567896
United Kingdom,1.0,0.2215994716431529,299420.0,1163.0,True,2023-11-21 23:12:55,2023-11-22 04:42:32,19776.886745,5.0,1055.0,8.0,,2020-02-11 00:00:00,"[1, 4, 7, 10]",0.0014808375426599,1.9759536771032853,0.005128857368344,332.4729297814492,0.0033642818267131,259.9425085976421,0.0003007043222785,258.02781055545563,0.000757420191777,92.48293353203164,0.0004225462896525,221.39122571193224,9.702924621634182,40.21973601208615,26.85489438984948,4.698545054040049,191.200750445772,5.64795661173325,8.075127474633529,267.72942145019283,39.61488231428424,3.582639305057675,307.903903822832,26.69913242349928,2.773725625116379,466.10928780237225,19.880456771368664,3.570532807947202,504.7754750718032,17.348668602279407,4.487550306262619,587.4688063496878,36.92147466511761,4.637634424562271,660.7123178456799,54.103894057638485,5.061573984660121,741.7284077441491,44.29211368392903,4.732531819954835,832.5358045151567,19.20222814188721,3.980100061256636,933.5572056196952,9.21852717901939,6.055401808014646,1002.6628518648558,44.15115487606961,3.186350932734021,1011.471194599336,25.15559282799541,,,,,,
Spain,2.0,0.3159110783720266,631135.0,2318.0,True,2023-11-22 04:42:32,2023-11-22 17:53:47,47474.572291,5.0,1068.0,8.0,0.0,2020-01-29 00:00:00,"[3, 5, 9, 12]",0.00297438219339,2.237176849748437,0.0029038082154083,137.83910816626883,0.000978260950398,172.9556632370642,0.0014471456422442,200.23268401574256,0.0009292506929739,134.27519010204128,0.0002695965434789,131.76903456082587,10.75978218922689,47.93822256657788,25.19165437800531,4.672586516013152,158.60942691918143,1.000468313116322,5.629443998957847,176.36212461261027,18.46701989250068,3.888115369104526,331.42582629662775,3.131320316462144,5.25389199783048,412.3813160050093,53.47301768133335,2.822515280607562,513.7394076249905,3.1078785897260346,7.23024746974759,543.4047910809545,39.95454178630193,3.4445264949742422,656.8912030782983,20.34178375145681,7.171473676043371,699.9494123390316,52.5533649006802,6.677250017824709,783.6440648471453,12.685621919978228,4.277592558225013,813.9666180934538,54.102614026490414,5.37794979973236,864.1194458037195,50.11396121456626,5.414908989822431,965.1960464872208,1.126787083170406,4.951489226921165,1010.4452628896928,24.69642909864102,,,
United Kingdom,2.0,0.2238298162616304,206947.0,792.0,True,2023-11-22 17:53:47,2023-11-22 21:59:48,14761.023424,5.0,1055.0,8.0,,2020-02-11 00:00:00,"[1, 4, 7, 10]",0.0014810396954504,2.0207514409268112,0.011039916531494,190.87978935252207,0.0030372313779926,262.8499126812047,0.000539289580507,271.864122191174,0.0005825419191602,90.29576831939004,0.0003434892555553,354.5480599310404,9.953750384566147,39.73196651158754,28.44969972600977,3.9417855315525534,198.8736471562016,8.918369381951745,7.550333923733418,238.08781517231847,49.57611948927287,3.859842293190184,307.8186898934893,22.44853722203382,3.077586844914807,464.314350411653,16.494674618002716,4.018021101998452,529.5560575997454,32.22673915593296,4.3333344430143566,597.032328179709,48.15550944093464,4.674369765912388,668.5929389939756,40.57279696205708,4.3538316689402405,732.2219819872904,2.140220113689246,3.6557831999998416,840.9991926591201,19.184036948703504,2.8173981521161098,933.9703025562072,6.083114857598631,2.690514124342376,1000.2320169848103,12.834344515836149,2.085103767645566,1011.2301590828584,14.99641527272115,,,,,,
Spain,3.0,0.3103822969123065,320095.0,1166.0,True,2023-11-22 21:59:48,2023-11-23 04:35:23,23735.090355,5.0,1068.0,8.0,0.0,2020-01-29 00:00:00,"[3, 5, 9, 12]",0.0021675053287533,2.170154816837856,0.0021565440411498,289.1567831161725,0.0013784566628309,234.0915957487661,0.0011603082112216,179.87222503459634,0.000624823363594,125.69606850439148,0.0002597982754201,319.3537235106128,10.37146329152348,47.8702523333662,25.550866147550444,4.837656547415529,157.98790397022236,4.634991052626738,5.432322491566505,257.8749465251015,48.696921601521765,3.7778058433826303,331.44963387497575,3.4672043577966143,5.065698574735501,412.656742910136,51.6920387112048,2.8241811824127585,513.8326756890077,3.0447272111751538,7.2125583461694704,543.4566234422034,39.1735541318063,3.531572149804852,656.80362269108,27.30119381221417,6.029210200036003,699.4801282242545,50.243924094882566,4.670921244391981,782.5871755278484,7.7958213749625855,5.032611156492493,808.9803775691913,22.66711398209571,3.7414343085449744,858.3001355417857,17.406475938497564,3.33425572047533,963.4647108307006,22.424606067448188,2.6670488289362444,1008.3656322082502,51.604185480347695,,,
United Kingdom,3.0,0.2215097097102203,424058.0,1653.0,True,2023-11-23 08:38:16,2023-11-23 16:35:40,28643.840703,5.0,1055.0,8.0,,2020-02-11 00:00:00,"[1, 4, 7, 10]",0.0014802936796731,2.099724955386369,0.0128813281994772,253.4745627516972,0.0034463352748382,313.304853798794,0.0002774323838771,222.42529118970432,0.001010658892594,174.13682544482194,0.0004776305015461,186.70070722465408,10.070782089627476,41.32394895554302,26.35529096606305,4.025138483527357,196.8093982223438,6.7122656964418965,7.769480610673008,241.20377815461416,54.86621594750564,3.9210786429430255,307.9545180730535,22.13323676334437,3.258135470644117,465.30043453524,22.28802036312,3.7844702912723513,511.65873255907394,9.367189145366035,4.226342590347415,588.5574935559882,44.24810188494566,3.784234025545914,670.7264076955105,8.361209561117498,4.369560626360318,741.7612672928508,53.15840464900302,4.225570201353117,840.3567906684793,5.6035268086441015,4.667835037150597,933.525806268963,54.00674687511753,4.944186886918212,1004.807518012201,45.971417851685246,3.650984409808967,1011.450266897968,22.15509773477199,,,,,,
Spain,4.0,0.3296164764228356,388470.0,1428.0,True,2023-11-23 16:35:40,2023-11-24 00:27:30,28309.529917,5.0,1068.0,8.0,0.0,2020-01-29 00:00:00,"[3, 5, 9, 12]",0.0022618731210431,2.1954893488220866,0.0028150058342828,290.25773142161086,0.0013577446112694,306.9500057624661,0.0006126235359816,130.1410306085292,0.0004754691249475,235.5177486105169,0.0026863822331123,209.749348776841,10.88156157185376,47.790222122567386,25.74795855564463,4.852985071556327,156.1463496678244,0.1312168021588888,5.457209401917594,201.98586312555503,49.50613943529464,3.5805661991246973,331.27094018605567,0.3432913235813686,4.547395988584607,412.1286438248615,48.04425094839263,2.837015989893795,512.3308718092429,6.960606395430766,6.800242371075817,540.96617914962,50.088849366055456,4.550428904786925,641.8640534122943,37.80986197092868,3.513943439735189,684.6629728121619,36.92194347529204,4.283031852951428,780.70294943299,52.05190948061183,2.652176604188584,818.5743040145815,50.93351671214982,5.60421713422101,867.0960903593104,51.09881906067069,5.696459782175166,959.8715709006278,43.51548274269102,5.120169019784096,1003.3819417775728,17.32347296483267,,,
United Kingdom,4.0,0.2235766166704497,240921.0,934.0,True,2023-11-24 00:27:30,2023-11-24 04:53:41,15971.419903,5.0,1055.0,8.0,,2020-02-11 00:00:00,"[1, 4, 7, 10]",0.0014815526496519,2.084096751686005,0.0107764140957992,236.43916773682864,0.0034987959812929,194.5171847544402,0.0003824407649945,259.14200972222585,0.0012316799664663,113.03972793126631,0.0003519098113273,173.25085351056998,10.02822935721974,41.469621434719656,25.724007314730127,5.365612584392832,187.194356608665,7.288923780228846,7.276204428169402,268.099362372383,11.49695595022296,3.9846772322340622,307.7452716554937,22.65451807736233,3.5021664672297934,456.0420466535437,27.382115966168705,4.316772063521742,542.3101087727492,36.75287985428687,5.300959169278582,592.8408948533972,50.20384144603672,4.959411974860696,665.3005965160908,8.816676221290336,5.722779825988075,737.921837106822,54.733073146560905,5.099037429917096,839.5347479063466,8.659313313627106,4.458049266966751,930.9741667411638,12.856090356411928,5.658815405044672,1006.103323507836,47.262364271480095,3.53278450332918,1011.8028581492962,27.9297753877944,,,,,,
Spain,5.0,0.3246838883130768,292575.0,1071.0,True,2023-11-24 04:53:41,2023-11-24 10:53:18,21576.826837,5.0,1068.0,8.0,0.0,2020-01-29 00:00:00,"[3, 5, 9, 12]",0.0045724122331211,2.222244735607897,0.0016211407710426,193.10077224024195,0.0007926766206011,106.14469460719916,0.0012710435250504,235.0738881721409,0.0010148404342204,228.2335301908444,0.0001905490403837,164.59911732689667,9.05853469496008,47.75401180751622,25.55251634517131,4.817882529200231,159.93190275794225,10.294441137607317,5.004709956891296,183.0108801041993,21.55155607897436,3.4836490579720127,330.491225062238,0.279411333564795,4.973486265190731,411.42531322542607,42.91960854783362,2.733762644749965,510.9180015223277,8.509615997468767,6.504188349172889,532.0122930827395,46.60609010539605,3.5530813021589687,656.717670102179,23.726619578699523,6.05146304288808,712.9592978981242,42.80038550171146,4.62308032767363,779.5101180404386,3.4994795961356715,4.595998463285969,816.232915901645,17.266820223137643,3.7676764585667657,850.7109275891868,22.104977135366983,4.302508960010951,960.5917115191716,52.053706548323404,3.3164960978908047,1007.3252855748498,25.39237635184892,,,
United Kingdom,5.0,0.2189840248210017,363863.0,1420.0,True,2023-11-24 10:53:18,2023-11-24 17:47:55,24876.890754,5.0,1055.0,8.0,,2020-02-11 00:00:00,"[1, 4, 7, 10]",0.001480687597467,2.058215585656611,0.0118703185661314,346.9239932315001,0.0032726904938441,179.16136449995727,0.0004421452691645,274.4757134409588,0.0008013566434338,115.79377786526108,0.0002659778047286,199.45918315580784,9.992294425652798,40.55189760846122,26.64056411335541,5.201812882970262,189.6868702921522,9.172050519675722,7.847443826188611,268.82779862823963,23.10736428823916,3.888618135565178,307.9998125618049,23.961545189875046,3.208480425575444,457.1879013816861,26.698475975344543,3.913129513842652,522.2093290868677,29.3445438665382,4.494964763987533,594.3444946300317,42.41495881642163,4.341328244236653,663.0123230573234,11.399978667060653,4.635617334899687,736.3291038541088,51.276751614304914,3.832995712044923,835.9154021216324,7.484343964956668,2.9666448564714347,933.6374342755888,7.015428738622827,3.5888837413728147,1003.6552911031612,25.71404904614602,2.2683591115814097,1011.1646930181316,26.92911377110721,,,,,,
Spain,6.0,0.3347060189889081,298270.0,1098.0,True,2023-11-24 17:47:55,2023-11-24 23:58:21,22225.490419,5.0,1068.0,8.0,0.0,2020-01-29 00:00:00,"[3, 5, 9, 12]",0.0038021300955847,2.348174121852844,0.0065945205091675,280.3947818189609,0.0009879596953249,177.04975710030402,0.0013879103378549,287.82099059045885,0.0003997244366171,177.6877177480286,0.000959090004668,242.1757091282231,11.872972234169024,47.985291773403176,24.590663875317823,4.794624053225573,160.52272200951478,2.1096484449614827,5.898431176275289,169.31656870981408,24.483225238461507,4.502854260190442,330.851330194528,2.1530114410336125,5.359465933550867,413.5802231957032,36.64573669992906,2.63518019125647,516.3058811097764,15.999766694936794,6.222114725867827,543.1360812958782,31.8892229912354,4.133793842539141,639.7960388653983,28.296434763106934,3.872797070154436,702.6511753235991,10.710855125181109,4.632028062847006,783.8256689562053,51.0683318585268,2.677632405902062,816.9578252332977,50.78160537662393,4.503685219366377,861.155693994292,54.88262325138615,4.662515536643568,957.4117787689972,45.09866184531776,4.51193838792312,1002.9827700831488,54.2401426188961,,,
United Kingdom,6.0,0.2144128838991791,286029.0,1106.0,True,2023-11-24 23:58:21,2023-11-25 05:29:05,19844.528626,5.0,1055.0,8.0,,2020-02-11 00:00:00,"[1, 4, 7, 10]",0.0014811102084916,1.979800370342918,0.0085125511450601,311.0265811561292,0.0033025842844802,279.5463759713276,0.0002964741310391,259.55931532288275,0.0007772572477311,133.16492779007535,0.0001536891913863,94.3647336447211,9.914906196967696,39.34420094063061,28.007403207969947,5.095522583985444,190.7905550089361,0.6339693847522163,7.603013034502076,268.78270535987457,11.591173466866486,3.709469449598513,307.63101373493066,27.04490705125583,2.6213222892514247,473.54840308026905,23.29230964691269,3.4290604976002186,502.7438952901245,14.96338969081458,3.706447077679689,588.1701710621691,32.57065556173926,3.575384501664766,669.9740452828353,9.404632721046422,4.599370732439111,743.3042470127715,51.7064061057546,3.863906072403736,833.9583952834323,12.251083457584176,2.6833228594960614,934.6915363890756,8.42476677955284,3.488522267929485,1001.8389889812214,37.21662935762828,2.0302746385062567,1011.1984579081516,34.51860340898136,,,,,,
United States,6.0,0.1613280875707723,589257.0,2022.0,True,2023-11-25 05:29:05,2023-11-25 17:02:26,41600.457955,5.0,1055.0,8.0,0.0,2020-02-11 00:00:00,"[2, 4, 9, 13]",0.0035207787737639,2.5079203246514217,0.0108157889711641,341.5137935647887,0.0018642130329829,349.6511708035191,0.0021919876590729,270.4715879061274,0.0029554748994233,323.10388993975573,0.0014081525585904,206.8577868079873,8.853603689254232,45.01511266449369,23.891400847202227,7.0136624173419655,119.05259248144309,7.218033462244946,6.500368592210628,235.7039305626387,14.971822741754607,5.224034806716794,275.2935122521173,35.112753188255844,3.659289174824947,514.9438024449189,2.2409462376893323,4.889695848810794,551.3069853995073,38.5466952883922,5.990926975301856,622.1763720555247,45.66137335213249,3.068680323400534,666.5542531157201,24.69043548083892,5.737745298063372,696.5176403029154,51.45815697429549,4.299366444869435,809.6348316463764,28.60906006891945,4.989940546414481,855.8643801689409,48.733103433073055,5.632877515706717,930.2206914991644,39.62803383082948,5.60026106970287,960.2677814265154,36.41913560779823,5.214869287361928,1001.788209122252,42.46085715669165,6.217672889253024,1011.115545205588,44.27426248185654
Spain,7.0,0.3193828317634578,359880.0,1305.0,True,2023-11-25 17:02:26,2023-11-26 00:37:38,27312.668416,5.0,1068.0,8.0,0.0,2020-01-29 00:00:00,"[3, 5, 9, 12]",0.0028607980156792,2.301558250688726,0.0066620845507435,121.7864352021893,0.0007268714340439,141.1472371646905,0.0018294466147353,355.4181135427002,0.0010023890839119,190.3348255337858,0.0009306235496806,155.99021917645382,12.226832796918265,47.7721919491426,25.656136349681745,4.79168678537696,160.37644326631903,0.7869076398537125,5.909306728936438,173.53027124606484,16.082938868462474,3.964920833136912,331.22939052275007,0.8098033419715485,4.835089263113596,413.0681610988203,48.262578520862746,2.659488544986637,511.2423432535383,8.212030341702778,6.004085065261803,543.9505610222818,33.868208365084215,3.0694130877760686,655.4190964671046,19.16332517122345,6.0127131008047385,701.1009019108818,51.102974113960485,5.918776564446958,780.564814641419,21.590683520846905,3.6950483495809534,817.4370921860484,52.78792976723193,6.417851953052564,864.9916941837258,53.08275581809883,5.678235338401921,959.9464611361468,9.88085881180601,6.414536629370769,1007.289209330042,32.840317714970006,,,
United Kingdom,7.0,0.2210753599026416,355476.0,1371.0,True,2023-11-26 00:37:39,2023-11-26 07:22:10,24271.788379,5.0,1055.0,8.0,,2020-02-11 00:00:00,"[1, 4, 7, 10]",0.0014822853812419,2.0554918242131786,0.0130832701261905,143.34779746959916,0.0033870149683227,283.8517918843233,0.0003003836602521,235.91565600114023,0.0011868772593393,295.29792597730176,0.0002982838915949,249.199076251041,10.009157176410811,40.27007161292348,27.231969459905866,5.338791231187569,186.56612311113392,6.440477967369596,8.091812434089814,267.82426784487427,9.997159777958284,3.801361751296933,305.7735236975845,27.386007456618525,3.244120716115408,466.2900592977649,17.792267892124126,4.384294782680599,553.4102815188189,51.219185493431866,3.936750341840203,590.6001551651345,11.98273795044453,3.4920489524291862,662.003801110288,15.696000947059517,3.480467696318654,746.4030728993387,18.77173344912147,2.923454287925986,835.2446500347418,3.2968276468053297,2.359498383397567,937.1796395883482,11.263278198074184,2.622985005783576,1008.5853942150902,30.787480416115347,2.064008594358308,1011.068744439178,19.151336079421284,,,,,,
United States,7.0,0.161593741067182,526823.0,1830.0,True,2023-11-26 07:22:10,2023-11-26 17:30:59,36528.16097,5.0,1055.0,8.0,0.0,2020-02-11 00:00:00,"[2, 4, 9, 13]",0.0033368089502941,2.52182257111062,0.0105151885861369,126.44067547240232,0.0015289688593213,355.27319090075497,0.0025053519141716,238.8052140521204,0.000331959459404,124.13115317987132,0.0013304623822078,261.2232334752256,8.863897908832241,45.73258999916364,24.028730339171425,7.019434918012239,119.45474126079016,3.381483356830909,6.086069093011696,239.27782128047744,17.478125016810445,4.967585609907545,293.0198154181805,33.674808880184784,3.674154095296156,518.5477301208631,0.5035408748722823,4.7842641221278575,550.1424208511852,39.43995864584875,5.577447960151968,622.4140041123643,43.84428994259895,4.441900580206635,642.6977253927682,3.2647827883680485,3.42314488752479,688.6101420187016,18.6463692006682,4.19945947403975,811.3308815920332,9.867459640470628,4.438128420143421,864.0769180632674,40.39726929737012,5.774399621432205,929.4339862607742,44.90915699857967,5.589709023149509,962.8776351092748,47.87506386856087,4.781223801503859,1001.0003359082236,17.496136939397154,5.218640480425845,1011.79567493608,26.338995941048267
Spain,8.0,0.328320572639794,253385.0,923.0,True,2023-11-26 17:30:59,2023-11-26 22:47:37,18997.968551,5.0,1068.0,8.0,0.0,2020-01-29 00:00:00,"[3, 5, 9, 12]",0.0045883815692838,2.319540496958476,0.0045518335026462,213.55871044158863,0.0009802995072018,151.6427669316394,0.0010594274165788,264.4651484679928,0.0007315172824472,207.35413999762545,0.000656168181219,158.84001742611218,11.770444006102352,47.96370728099815,25.67222781813181,4.887097403916828,160.75292987725402,4.188843004447072,5.850995295583268,192.41750440100049,30.67966655395953,4.08214916257508,331.88968114268016,3.3893514791231105,4.932170108997656,412.5082960976914,52.58995109157625,2.511349609171749,511.05963512957146,9.366606562722364,6.222376147041441,535.86770410087,50.332495247889305,3.263458911548869,656.3091153103672,25.26734080324592,4.932181959498011,705.2390980212942,43.15208234691016,4.807685048480895,781.3497541808899,24.75993625564377,3.3291126465724683,812.5052695553675,49.71463815365574,4.724119646240643,863.8422247033925,55.192173026605005,6.133877895576164,958.8705234788232,52.75372881969032,4.6404867398493685,1009.8509461424308,36.8654881563054,,,
United Kingdom,8.0,0.2338033949015791,289715.0,1128.0,True,2023-11-26 22:47:37,2023-11-27 04:21:37,20040.118524,5.0,1055.0,8.0,,2020-02-11 00:00:00,"[1, 4, 7, 10]",0.0014811837829648,1.9339735624365764,0.0084425981801925,163.78532489756952,0.0024860365520384,235.04873522862496,0.0010594210926895,341.65383512419925,0.000807450694226,172.08481426722096,0.0003749597750726,233.22837047289903,9.74636587953649,38.1925298022804,28.595149329525142,5.183899947606262,187.76865394118352,9.952898393035545,7.69169408185356,268.327633187694,21.495031158356348,3.587252189019981,307.78683203381274,24.77651444868798,2.93390642620783,460.1139927614949,27.467317549419587,3.710408092111271,536.3795088597903,31.35622826003689,3.891803266559116,592.1102235500124,27.64561894413968,3.699999784407637,670.4839112228216,20.276931776672136,3.4065833910647605,743.1280427785387,20.01911059845732,3.109031229741043,842.5876082415231,13.589914307169092,2.7956552662871763,929.7417897719602,8.424894439852558,3.754531145447108,1005.4424472636184,42.34962328431733,2.1632830409453736,1011.553864586283,29.798983336774054,,,,,,
United States,8.0,0.1645614914199968,704101.0,2462.0,True,2023-11-27 04:21:37,2023-11-27 17:42:20,48043.146568,5.0,1055.0,8.0,0.0,2020-02-11 00:00:00,"[2, 4, 9, 13]",0.0052588854530288,2.4909294783712643,0.0049811768310688,216.85816126842468,0.0023315886668616,216.20067550276448,0.001319405465755,206.83486619252523,0.0030131331746311,288.28246988014075,0.0034388681484964,332.78102557821694,9.115105142385966,46.34685487905823,25.269558549963367,7.048468167955276,115.9606168913922,8.88590513705087,6.364957584110351,246.95266986370737,5.473425947741273,5.346101020275453,268.70576774550653,27.92237144608552,4.338647728211978,515.7959462815403,4.700303715722445,4.832877976374535,567.2323873617485,9.518456820040726,5.946822737808112,621.1059902023526,54.96043146700894,2.984807688355988,676.2307327146174,32.03994978927688,5.814080404945502,701.3623469549935,42.93296375495388,4.729133943141359,810.8328753841627,27.140126982612635,5.143239154472032,864.4779370690568,37.136766898327295,5.970638097226978,931.7211260782065,43.04761093779369,6.149063019732028,958.9678922051786,6.630690241960622,5.711617088271,1002.3308456253192,22.68627929321678,5.58732783000777,1011.4730172235,38.262055544567104
Spain,9.0,0.3439634747067948,275235.0,997.0,True,2023-11-27 17:42:20,2023-11-27 23:28:02,20742.205208,5.0,1068.0,8.0,0.0,2020-01-29 00:00:00,"[3, 5, 9, 12]",0.0023799381531902,2.246447479202005,0.0055191308905151,300.72746359460825,0.001166771716108,226.6967605605609,0.0005557637824889,198.7193611091263,0.0006236235994573,225.21119157897124,0.0036495337702072,314.3539535772168,11.607493398188678,47.29039375961353,26.36663398206237,4.523846387822207,158.0252638372856,1.977757535458437,5.847125169452713,167.5380754672623,18.964267984793203,4.26212452065439,331.7474824994967,4.030589409697733,4.435890119752718,411.8350356410005,52.7961652491498,2.9844881891362145,515.9189575836924,10.121909387575188,5.690427672757005,544.9748650854715,21.9394810888476,3.613070385694327,654.7173352188064,42.60336390572997,3.633720211073127,703.7099639373022,26.508983819153528,5.519701503659546,781.2432037386202,47.12626764369507,3.351553663747774,799.704728242852,10.183222431568318,5.506279062618988,864.4581426591764,48.15554471849183,5.418770983072457,959.9251027042752,6.5556170900627535,5.149847024271707,1006.8208049683396,3.633752488322586,,,
United Kingdom,9.0,0.2331402144084182,257813.0,998.0,True,2023-11-27 23:28:02,2023-11-28 04:13:44,17141.940771,5.0,1055.0,8.0,,2020-02-11 00:00:00,"[1, 4, 7, 10]",0.0014807598450041,2.031501195703849,0.0098019179042655,181.2063794295132,0.0032162298315193,337.36720527800065,0.0002748997338443,210.94870184410885,0.0021599127458123,278.3630417851323,0.0007320908551213,353.45040293072293,10.016471526175524,40.3101601250425,27.300316692312087,3.75101784641255,199.67775960745345,4.967750751967095,7.094230747881274,231.82393444337845,52.970919436530096,3.953838500676684,307.68857787181184,19.568046295926216,3.167933874172367,489.5062992421926,27.66663525869254,4.127415598535313,508.1692686113148,10.102509182756805,5.269406797378321,590.389131666707,47.87269813113976,4.311626537322983,661.1461692533215,26.02850824984685,5.096059701929504,735.028364786745,49.08246588427716,4.530823567377293,838.0529843879933,4.841808153514169,5.035459384659649,931.8269962055672,45.05162943079078,5.367702277338437,1002.540917422755,0.9512386220739444,3.942471382829908,1011.4965536930124,11.58503396551368,,,,,,
United States,9.0,0.1569303967446129,446092.0,1539.0,True,2023-11-28 04:13:44,2023-11-28 12:46:52,30787.62117,5.0,1055.0,8.0,0.0,2020-02-11 00:00:00,"[2, 4, 9, 13]",0.0034026151293242,2.51186463930839,0.0111094196059776,258.5660037127703,0.0017623073063367,312.2351053403905,0.0024651253528771,267.93800388660713,0.0009506929437556,100.57698541178222,0.0004472783512821,223.3789027750919,8.978128016171887,45.35988875992215,23.98454320349668,7.050621360036949,115.92571574561262,10.304072134911308,6.127617547007154,240.23115174598468,17.08067562437826,5.302884457415524,283.3330873433115,22.019937901611105,4.02097962687707,512.3427630568578,9.951709247618766,4.938091392419597,566.9520975455322,28.74472996720033,5.831027895633823,621.3825555056429,54.22615650544235,2.991208132035695,682.174295590858,32.447138781709484,5.805991539021199,700.2044899945898,48.874813170689066,5.319659218781353,811.474758945802,44.2815040485242,5.566390168403405,844.1312692601695,7.230358139711399,6.133767036229434,929.50054293297,39.402703809323015,5.750941111187655,956.255908046682,36.24155004556389,5.283527895893521,1007.35340381583,38.204399777376594,4.726705415842541,1011.4815455019584,18.513255690245305
Spain,10.0,0.3331667120456077,288690.0,1056.0,True,2023-11-28 12:46:52,2023-11-28 18:47:30,21638.197597,5.0,1068.0,8.0,0.0,2020-01-29 00:00:00,"[3, 5, 9, 12]",0.0026921750116368,2.382624299099962,0.0125705934310584,300.2784179435944,0.0010245981638127,190.7103427490929,0.0006055199375767,238.88462850468667,0.0005556606041084,237.02594166322524,0.0022069878631283,153.70892580546686,12.157955866559869,47.84139516626966,25.34883473843978,3.7477106654609713,159.8234672653739,2.5447283819295947,6.154490687029119,165.07904684547975,10.008574304810924,4.236975862124895,331.4118057810243,5.663110276183595,4.6089811145823,410.7178212103823,41.43722807545048,2.74612330070958,506.6376296485334,7.21985334419001,4.9862956433084085,543.1397893932107,24.51895722655372,4.252059458205248,639.6423807763624,38.203257167479,2.889866859896507,685.0372161975679,34.85231360386996,3.887839177389576,780.8944018761003,49.7816335857202,2.5944744519622027,793.6693674482824,2.1374081612624103,5.4881774295752015,865.3932013441072,53.696661244399344,5.720356061919785,960.688755764835,23.044984483628088,5.77468909027593,1005.2062857483264,23.78499482226184,,,
United Kingdom,10.0,0.2255451690787108,397611.0,1524.0,True,2023-11-28 18:47:30,2023-11-29 02:20:27,27177.172826,5.0,1055.0,8.0,,2020-02-11 00:00:00,"[1, 4, 7, 10]",0.001480736046242,1.8908041292383737,0.0059501353558105,342.4538764963048,0.0031771332408122,215.4831290291885,0.0003856058069556,275.4488480936876,0.0010353615787144,130.70076035614412,0.0003567579305573,321.5052243932723,9.605301473317882,37.62117941956864,29.36194826161337,4.882960562505367,195.6428335299071,2.99456500169584,7.838991447993866,266.76018763267103,19.16590077309192,3.6294477714123854,307.53614777375014,27.02338293191656,3.0653491108165816,461.4253714785789,28.294137343163943,3.9528682779713096,534.3433893833497,42.32050554727374,4.470828565009387,596.779568791338,36.37810235355303,4.326631953375105,660.7103313751377,17.27082139987158,4.860880329207472,741.3681549162967,51.67258441019104,4.055951010491161,830.480265124036,8.145621457762687,3.268450314609276,936.9479431034406,8.229914065311554,4.204069582395132,1003.5237467360116,42.4144223381378,2.193207898192119,1011.1936764256112,16.958804189292547,,,,,,
United States,10.0,0.1560378408207749,576075.0,2002.0,True,2023-11-29 02:20:27,2023-11-29 13:26:44,39976.817433,5.0,1055.0,8.0,0.0,2020-02-11 00:00:00,"[2, 4, 9, 13]",0.0023317260386208,2.4569127214796005,0.0100835689613738,255.05707726813696,0.0012792549509123,276.3762092269508,0.0031520484481819,355.4982109556902,0.0009641028692295,271.4307502229651,0.001048748880127,159.6867199528876,9.001144012890872,45.6876429604666,24.080379206674184,6.982251461274887,117.2376843691396,7.386695032621603,6.4777787306125365,247.5970077773839,14.77353600452422,5.044956424611059,272.12492152001903,50.440895618115874,3.4549151764622867,517.8765356590183,7.128086256391704,4.772796871172779,558.0237533386141,39.40587973779504,5.018897807839561,620.9040847024811,48.65388094026776,2.83349616413032,679.5792225238544,29.51611444136992,4.078422736669161,693.5501544397439,54.52408740230666,3.435301581618341,813.4466558458674,44.34414975071596,4.165785784908134,858.6800295096685,53.55215923198331,4.9056073051179325,930.6785912710008,53.501292975894685,5.362204200633252,958.65621581482,21.020570765527864,4.7923113108033535,1003.7222337249618,20.85244117300056,5.241239603610373,1011.4019112990492,38.13745744461899
Spain,11.0,0.3193556913819582,333920.0,1228.0,True,2023-11-29 13:26:44,2023-11-29 19:33:03,21978.744064,5.0,1068.0,8.0,0.0,2020-01-29 00:00:00,"[3, 5, 9, 12]",0.0034920178184325,2.2669161657567383,0.0034537179202271,131.8183264926837,0.0008974599902564,187.4516203240512,0.0018410661782918,300.721112293307,0.0009140307496037,120.55899744476004,0.0003591452862499,207.4462137839612,11.023876692081805,47.69371899172569,24.92066144456258,4.024820159893565,161.3029034772497,3.98339921682112,5.572985780807089,166.00566329261505,8.856541133948706,3.5347104309584045,331.6170144060939,3.6238826380390137,4.608799091847082,413.7686709795894,54.68401281419464,2.4559561862443635,513.7461854647895,2.168231207409981,6.196254864192985,543.7662043085613,32.494586133675,3.5215530425972386,655.8738501269888,27.606514738874115,6.706452945286437,706.2448052490333,43.95125916021537,6.112506386748192,780.7961581155158,9.352744001230413,4.741437919675728,816.7950707810214,44.11370124684535,5.4999979783651645,864.5161070805924,46.084821440690206,5.968622431238407,957.3261813441078,47.89017249304662,4.619499176019941,1007.2553460684442,49.94850281336736,,,
United Kingdom,11.0,0.2248630796384342,385375.0,1496.0,True,2023-11-29 19:33:03,2023-11-30 00:26:05,17581.891124,5.0,1055.0,8.0,,2020-02-11 00:00:00,"[1, 4, 7, 10]",0.001482285375039,2.114163070678556,0.0121229600992981,157.31077452578668,0.003045600779766,170.3810654877057,0.0002903341346439,295.92999932278155,0.0010622807699779,145.43825813488417,0.0008240791748183,292.20618922033987,10.11623676248358,42.0070282117752,26.21554090882109,4.526702358631961,198.18332611964715,26.716946375852064,7.9907346858655535,255.7785688929825,38.54338656212644,3.873260058185672,307.84455420260684,22.51228590600992,2.645962264569856,477.02367589699486,24.07946250899528,3.471388521038083,503.6285876926159,13.848121197940202,4.240255875682022,594.5232546222729,45.749301912468,4.001829245807347,663.948877274132,2.800548017809657,4.963007579332766,741.3889183718386,50.781541746955526,4.604121004589759,843.153230848011,23.322341217435564,5.595016966447859,934.5903965003952,47.08521902129681,4.544624379592321,1006.435065442454,19.98867317414464,4.08507264252202,1011.2812408050384,15.176760412900904,,,,,,
United States,11.0,0.1594083284304507,537562.0,1863.0,True,2023-11-30 00:26:05,2023-11-30 07:45:12,26347.27179,5.0,1055.0,8.0,0.0,2020-02-11 00:00:00,"[2, 4, 9, 13]",0.0038275089182654,2.573140631499461,0.0124601562997663,364.89407282939743,0.00188482761065,326.39721638469973,0.0021439556346879,245.94305349937875,0.0025959300309743,279.6820559402514,0.0020998312155343,142.82447266476282,8.92455210814969,45.97593583754571,23.73610633848564,7.043067573884065,121.68870938578516,0.1945930414812622,6.125139931313078,248.3700661928436,25.47451709842732,5.289102471910778,280.623289960125,39.80993900819615,3.853397433273919,513.4596998050442,5.891523337982402,5.541100702752859,563.7645345508265,41.16836739548165,5.054317134499763,623.2315081803398,17.360060656705038,3.111766923785199,677.7978274823652,18.47377251253993,5.79155933976848,697.1931683374978,51.944072085107166,4.515596620170308,809.9883440045984,23.0280771811685,5.245536320057759,848.7861906544784,45.84296582866732,6.644332769895891,931.1477828796964,22.010917328957746,5.71234023058831,962.3995590687626,48.44766028220853,6.239703907171188,1010.2425818029304,54.11420371668253,6.81266931329758,1011.520606472749,36.40902431310637
Spain,12.0,0.3100437763601335,262190.0,944.0,True,2023-11-30 09:24:53,2023-11-30 13:20:49,14156.432508,5.0,1068.0,8.0,0.0,2020-01-29 00:00:00,"[3, 5, 9, 12]",0.0026040778700844,2.21643735416828,0.0028873224876269,128.22544563092308,0.0010830241119786,304.517383590986,0.0017973189417614,199.2507753947026,0.0004378668660466,117.327689315246,0.0002422383425677,222.015779425581,10.842378906841097,47.83000076609311,24.63965721544856,4.629729709148324,158.35481080088297,0.5039671135054604,5.457542901854386,165.91844671604082,13.620634715090247,3.433506992987497,331.6066954617829,3.4367068263097025,4.365528643936863,410.5306590973411,50.1639685637206,2.58125395190702,516.7216891021498,4.853128916416328,6.942250909541171,544.1909383937293,40.0632135440676,3.7391919669650817,653.5885024604609,39.731822589219234,5.683311634463871,705.1866798364307,44.279208150952414,4.446055176867834,786.0197724445592,12.189766683712175,4.990541372030245,816.3285776409414,16.123746569082126,3.5418450793160576,856.082097245994,13.712652544438717,3.2258946288848582,965.0820191139744,24.754046502435592,3.141801637758877,1006.7266914874796,48.19512590304759,,,
United Kingdom,12.0,0.2206613487898917,540591.0,2100.0,True,2023-11-30 13:20:49,2023-11-30 20:07:56,24426.664102,5.0,1055.0,8.0,,2020-02-11 00:00:00,"[1, 4, 7, 10]",0.0014812792145395,2.0718724956452665,0.0123304689439008,181.92464575281343,0.0032096704914922,206.3280281807923,0.0003270370678009,272.517589893306,0.0013284599218207,134.71624775820644,0.0002197351728327,153.23389832621294,9.97086594354327,40.77059460534544,26.09211176966591,4.598226911509794,195.5024876634547,25.192632053070646,8.080329172255341,256.03716371740086,44.31591279753052,3.8480248807640063,307.9788011093991,23.08416828304336,3.28442767149718,468.1137940267358,27.72004105374632,4.473725411334876,556.9994826333357,51.37486252872378,4.943759641290723,586.3978060841376,45.11374925748033,4.640814452884561,663.2700397116666,32.45219082697783,5.572576423784222,737.4432562474141,55.86602119314777,4.692618305097714,837.7734053962581,4.209861635757491,3.657774465036557,934.4191356448408,5.020501357342724,4.161053217722191,1002.3609005684136,35.62896359259751,2.5431261339408264,1011.4284749533782,23.84781952401555,,,,,,
United States,12.0,0.1531908429772117,908673.0,3180.0,True,2023-11-30 20:07:56,2023-12-01 07:40:49,41573.300246,5.0,1055.0,8.0,0.0,2020-02-11 00:00:00,"[2, 4, 9, 13]",0.0036063250683347,2.4856754333154814,0.0106222445072367,229.0869148196192,0.0013408716454693,284.251558560014,0.0030718957764803,353.69284231164136,0.0014239444306454,202.92723398402984,0.0015052477703845,239.54528605858525,8.928894383897136,44.78780938051667,24.98273025186376,6.9978087125428505,117.33072073066586,4.622416180919146,6.573421230104861,243.81132091647123,22.001398494942315,5.037794730577188,271.9046014427785,50.54559094918683,3.315116662546976,515.7116142857068,2.639998108503697,4.792873965394611,548.9212174614788,46.285343404316805,5.206768260712947,621.5540265395407,45.93580457589566,2.79018553709579,682.2384510974904,33.44602364529442,5.0372685756406845,700.5428391764017,42.13431882072966,4.404917756875239,812.6409680781666,24.61502880529374,5.0701434375129,861.1697410758782,50.39080126781233,6.108317685181328,930.5035126904658,37.073095028727785,5.703575888659426,962.4113074383332,15.287521065929647,5.743994826990278,1006.6919884937467,28.898805880354864,5.442336683985582,1011.7136871448242,23.55005441856867
Spain,13.0,0.3088427001613874,410430.0,1491.0,True,2023-12-01 07:40:49,2023-12-01 13:40:03,21553.310106,5.0,1068.0,8.0,0.0,2020-01-29 00:00:00,"[3, 5, 9, 12]",0.0060106924409527,2.280459032237105,0.0020114505521509,180.24693562575223,0.0010264786048965,218.4763791789788,0.0019460223355925,175.14618557107104,0.0009018653202631,182.3695756341212,0.0001480539624814,166.35966832205324,9.748931956787631,47.91884867336038,25.43824694689126,4.720303259141674,158.4994148741864,1.223865996659992,5.005665809384009,182.5147633958568,16.501795734101897,3.297405348356598,330.7908122674272,1.0900867224656317,5.082824406379108,411.63658191043936,51.59313668394532,2.758116010268758,515.8426672072457,2.771599670166168,7.318770393971471,543.0541176750806,36.55853147568905,3.5144808538507,655.2282364697855,21.288471522797312,6.861500909287162,696.69655058908,54.77901559090032,5.700902175076578,779.7576764748904,6.758471714267735,4.5213261216043765,819.2361232852397,54.394004105878665,4.043965652987121,867.2740105327669,13.819537053598111,3.9588917914210096,964.1803693365388,17.536875079751688,3.1274606226264017,1006.949975193772,54.194971027520026,,,
United Kingdom,13.0,0.2292773055542332,276101.0,1074.0,True,2023-12-01 13:40:03,2023-12-01 17:07:55,12472.059706,5.0,1055.0,8.0,,2020-02-11 00:00:00,"[1, 4, 7, 10]",0.0014818195253133,2.0485218140810404,0.0113426767430288,202.58630479127208,0.0032851722138458,243.706368430059,0.0003272043148333,206.94419470412845,0.0008793360427474,147.90823952299883,0.0007022696607827,318.49725746309,10.038683729465388,40.487751535407135,26.95655795497303,4.515681268239397,192.1418082517222,14.803109618122049,7.848189585648057,248.5632363704031,48.694741676670375,3.8267022044203696,307.788821636668,24.25619370793158,3.380141923792333,459.6425344689303,16.933901129851055,3.909071528817848,503.5585311753371,28.550567480703627,4.46333663009543,594.1578365192638,50.48486996904157,3.998927061733865,662.1025449796916,9.956298796826331,4.396358172036967,740.4399914126966,51.82612319346383,4.3880680928753,839.5923286994815,31.39703282695608,4.050444252553167,940.7690838289438,10.461000604037393,5.556021750900127,1005.4950954215052,41.842459990035614,3.8542152847036455,1011.4230919934364,8.471484542885491,,,,,,
United States,13.0,0.1552148653709098,362741.0,1250.0,True,2023-12-01 17:07:55,2023-12-01 21:57:09,17354.037631,5.0,1055.0,8.0,0.0,2020-02-11 00:00:00,"[2, 4, 9, 13]",0.0034424513865663,2.5252295859532383,0.0120237429579574,340.6084509365567,0.0019338986726587,361.6230163799064,0.0020999685766679,213.08576940500748,0.000406745080179,143.12501718788542,0.000556601763027,136.15186985492116,9.039864525696489,45.63252541170896,24.03161015054568,7.0490307465987865,119.67782988955936,1.770628804651789,5.953513964967353,243.09411598494617,15.72672805882154,5.293941943721201,291.90726857460305,20.658369243320376,4.261067830233907,510.95917621418346,3.891786803430626,4.607324697335968,562.8837482903059,30.05785431567241,5.992372188577397,622.2395433174395,53.762918865093866,4.090283396130997,641.3936362495808,15.546441051203988,2.991291695328837,697.0605361348076,14.219288469009388,3.355511513536185,811.9874970875721,39.44366588202358,3.860820706773149,854.7421564267613,46.39420411721778,4.802485543796874,930.3845316783372,47.24348358086037,4.931838676770773,962.1049241563358,21.019089376039343,4.148741669620577,1009.3861465842892,22.47029674499145,4.940667016067469,1011.5776094384976,41.35703578490348
Spain,14.0,0.3387771592174173,393435.0,1447.0,True,2023-12-01 21:57:09,2023-12-02 03:29:23,19934.282795,5.0,1068.0,8.0,0.0,2020-01-29 00:00:00,"[3, 5, 9, 12]",0.0060167995900305,1.787346650880079,0.0028018954384377,311.885262716582,0.0010219095903971,154.32316423658204,0.0007146266013268,156.27491243707064,0.0004301399237638,166.67159786448593,0.0012664718313531,189.04104845834408,10.690619030887689,34.673352860105666,40.35831012457944,4.7872292254861,156.09232770246732,0.7699687244481908,5.434421939907665,182.61957919529863,29.84454234253746,3.724283505429386,331.6960361026654,1.4898235045292445,4.870586367014077,413.7107329246157,50.68371343190458,2.615502096618356,512.6994071406476,3.7103386359091033,6.620522963714572,530.4315945112187,53.79548166339657,4.371526794584443,640.0942524347646,14.95699632133702,3.530590414368396,702.6731725681966,5.929098219015348,4.99946433463696,777.259167551362,34.94677166313899,3.002707609401569,789.4314247974988,0.6442156967951256,5.214415896757857,863.0964388221266,55.625981344600845,5.7357172971326245,957.1568929678384,38.13406766226659,4.9870633935484285,1007.9249866163448,53.82965928477989,,,
United Kingdom,14.0,0.2221071467654364,210935.0,816.0,True,2023-12-02 03:29:23,2023-12-02 06:13:31,9847.850925,5.0,1055.0,8.0,,2020-02-11 00:00:00,"[1, 4, 7, 10]",0.0014815451493711,2.06591708290399,0.0095737467830413,219.3825666507753,0.0030964914216197,303.1523766853239,0.0004963083356214,271.4661285976794,0.0009129643279899,99.15383921371864,0.0003926322558302,309.032946020926,9.918269039733572,41.186957766616366,26.28887990974025,5.052383184087459,189.9398209246502,6.369769700879072,7.769967407328202,268.21130701710354,26.81127768920912,3.7225496919000594,307.9333247112882,23.87781042147156,2.9429936680893736,470.029680214764,18.810540761171858,3.9105696063277535,522.1331836069887,32.07982245593191,4.850214363148484,592.3313214963499,39.75387046337819,4.793140284462916,665.739786723754,44.670643095182,5.367240007933699,740.4042380863583,46.22886817661278,4.635656058934825,834.1301166450261,4.652913243054616,3.8665029062520886,935.1626246535518,3.2840593274806835,4.418915773862199,1005.3949527971045,6.747284275536586,3.158328817885913,1011.6547366304044,17.89420531868743,,,,,,
United States,14.0,0.1578493412891964,815051.0,2834.0,True,2023-12-02 06:13:31,2023-12-02 16:42:54,37763.23004,5.0,1055.0,8.0,0.0,2020-02-11 00:00:00,"[2, 4, 9, 13]",0.001945180849105,2.46487638196084,0.0130955891280945,351.0383990545672,0.0012435604411291,96.41826575295843,0.0080725748157424,208.4798864522813,0.0008984663293895,298.7787402150599,0.001124268049904,273.11087539105705,8.854643712073955,45.44949596864455,23.833162353449683,7.05119891094312,126.3422440214801,2.507529763376226,5.869091963653735,254.8277400026728,28.37182579091109,7.985820954852187,322.7056312594548,55.57969311658278,4.669645217537726,515.205358541342,5.253878922795721,7.318180272327041,553.2573701808683,48.04975344751725,7.669336994889471,621.4036961939482,51.36789059715336,4.4971944866456335,671.7025287055686,31.09150072600571,7.117978480315805,701.923572028283,38.200543971810674,5.243688946705863,810.7543250115949,45.66360818032305,5.705907767278336,842.1764112553749,55.38516346962355,5.95743902174059,929.507958408764,31.22000328557785,6.041113541109063,956.9906576799956,41.225998420446814,4.551858249047731,1004.027684935531,17.657285799596117,5.803044944863467,1011.0084493832458,27.77695589415673
Spain,15.0,0.3312874912328309,197795.0,711.0,True,2023-12-02 16:42:54,2023-12-02 19:35:35,10360.187179,5.0,1068.0,8.0,0.0,2020-01-29 00:00:00,"[3, 5, 9, 12]",0.0026653330707092,2.247279578482473,0.0048165120326304,97.3518089984565,0.0011063272502491,210.5424653704,0.0011233528226232,125.79990934901744,0.0011724615213016,188.88722517983297,0.0007741295042496,225.3671517948349,12.219115465444052,47.61087060606344,26.17287996736604,4.855619152230899,160.3052435788754,0.3045878592323277,5.995339708877525,187.38869344095448,26.8045557150087,4.361638687463425,331.66562027362073,5.198606038034306,5.799304112863971,415.3650140454314,50.32669810354584,3.340486312508563,515.8878935995193,8.239339909164336,7.8800588996416465,544.4670039086592,34.6888110540044,4.1062795061734585,655.2948132029035,20.65600348018052,7.840608624894016,709.6592657512984,45.34248052540379,6.044694645822253,784.5494300940775,14.1295635212968,4.664913701549219,813.8115725466356,32.61937857228376,6.412146330298082,866.4205552303059,55.04041491594272,5.870044271225447,961.9941550067252,11.708001295215706,5.855504306177367,1001.016091101744,2.5125391543794926,,,
United Kingdom,15.0,0.2121770513109585,267572.0,1043.0,True,2023-12-02 19:35:35,2023-12-02 22:58:07,12152.597867,5.0,1055.0,8.0,,2020-02-11 00:00:00,"[1, 4, 7, 10]",0.0014805445465593,2.0401020611593608,0.0116374047987574,222.5197681762453,0.0033666313605174,234.07844159295792,0.0002897065952388,226.50924859432857,0.0006111240054094,178.84485549402183,0.0003092037156842,137.93240730982797,9.994344275073374,40.074295622902426,26.953251775625223,5.26154468975505,189.3761762006816,0.630102306497097,7.757479128292232,268.6866891554075,11.866369211653772,3.854111306529195,307.3971302467667,25.283002442545204,3.241548664683088,459.89414683456505,17.562082414811766,3.708074924900855,529.8844890849355,37.545283124919465,3.228314615299136,589.0922652183501,13.19563370079078,2.6259864340474985,663.3555813106094,9.410462005431974,2.0964977492440786,741.5073250347386,6.960906578239975,3.257952138782229,838.5124341871322,55.924186840389545,3.664302299966114,936.785732800834,42.83322833604172,2.737954417153352,1006.5631069730272,19.418832169408223,6.108889990603321,1011.5522247006716,51.23977369660805,,,,,,
United States,15.0,0.1635981287797661,366557.0,1264.0,True,2023-12-02 22:58:07,2023-12-03 03:45:04,17216.366506,5.0,1055.0,8.0,0.0,2020-02-11 00:00:00,"[2, 4, 9, 13]",0.0032470015629254,2.474713765354911,0.0088969792400355,160.58291177257138,0.0014197368948632,244.64122998300127,0.0023241337007522,251.45633917427665,0.0013047405380776,311.6281229261134,0.0010738060722056,254.9747701365188,9.112900545967772,45.88064060233779,25.42864572460569,7.007465814513568,116.267766694023,2.2471797802643927,5.834462272496392,244.37565409025075,22.547889744810703,4.925698804155365,298.5116385754246,25.463994959440093,4.040340197254361,516.9119931290195,4.978021029854123,4.444180771186973,562.4197358267003,12.18051350581468,5.92094951351798,621.5186860553308,47.19032754760521,2.9436198775546734,668.415531615307,34.09102023149032,4.152231993590762,698.302958916165,50.5714410330971,3.605063915568779,808.4869536272358,28.79379591692912,3.772796324918656,853.8207224108124,54.80821850612709,4.955362528500191,930.397509847965,53.331563751717525,4.494668387067226,957.5705467577033,23.20234433705613,5.207594241899214,998.9567256986847,38.4710739186494,4.412803530185843,1011.6243278748576,31.3499941077344
Spain,16.0,0.3436389493380604,415130.0,1530.0,True,2023-12-03 22:51:49,2023-12-04 04:33:52,20523.17338,5.0,1068.0,8.0,0.0,2020-01-29 00:00:00,"[3, 5, 9, 12]",0.007326150956744,1.687584176137403,0.0023490704435715,349.97890014595816,0.0011331242691699,311.97711021787,0.0019735116286275,216.53394157543045,0.0005912288571938,187.59032217535332,0.0014157659641021,313.86668263333127,10.523588166954404,31.25579106291937,43.066270738313584,4.64721855456891,155.59964077785648,1.2735292397597675,4.89591144837582,180.14051671880358,20.788545587188867,3.16675510117401,331.10047402868827,1.0943366497509572,4.477285337522753,414.76460396600027,54.53552525392238,2.3975411583627317,514.2882227409531,7.267707475034072,6.680379303811366,541.0873512301588,42.12451899118987,3.657179976825091,654.8623405984423,38.78768403349578,4.915224125948721,708.2547431670382,40.17337270126818,6.678715116819808,781.32833977649,52.19828701398173,3.3967770095600023,810.6269960891309,41.07412620460524,5.797136378904857,859.0876591790868,55.15611190265753,5.177094382028805,959.1175780548542,20.22182698702309,4.957073376980629,1012.662870346772,26.148174064347888,,,
United Kingdom,16.0,0.2300403470994834,272157.0,1062.0,True,2023-12-04 04:33:52,2023-12-04 07:46:13,11540.625424,5.0,1055.0,8.0,,2020-02-11 00:00:00,"[1, 4, 7, 10]",0.0014806199230677,2.1074881530339287,0.0112600648697729,276.656105063495,0.0031980542383296,284.41276998791807,0.0002766430966299,219.9645068532641,0.0018917191199282,189.76194667650995,0.000663261173757,299.6397276227416,9.85056345371764,41.74787734310213,24.979913818911427,5.1967205091639945,191.16734303704587,7.364890059280309,7.633711373271042,268.1593258276005,5.299823514758604,3.773228920402728,307.4915721580941,26.292900839068256,3.6064554725042783,476.1674001223735,45.66867344956034,4.365722374388866,540.2887556936554,29.74029359278875,5.229782310868876,591.4534396426448,32.972299097236366,4.802676705335046,662.4267981533061,13.952865728713762,5.604513212768183,741.2764836606952,54.247364419831584,5.0330921144394685,834.1562199904721,10.886756177838144,5.867683712100019,940.0094874037886,41.44395052671342,4.796601670847246,1003.3812211331244,41.18991477538654,3.8386099057932936,1011.6967082663076,15.92206487114102,,,,,,
United States,16.0,0.1554935126639149,397707.0,1356.0,True,2023-12-04 07:46:13,2023-12-04 13:00:41,18868.277372,5.0,1055.0,8.0,0.0,2020-02-11 00:00:00,"[2, 4, 9, 13]",0.0038614134390983,2.4683284792014697,0.0089903548449316,200.66831606395303,0.0016324995791771,339.94083741628776,0.0027650978936663,310.1445898515962,0.0003348418649663,137.58558520653125,0.0006160504535785,210.1963745074672,8.783955056807706,44.322111758766745,24.1022729335938,7.021612866976543,119.81072389750072,0.2190514778858272,6.112717071218893,244.4560997990912,26.332508488832545,5.172633242927335,278.4579555423524,35.316497514262615,3.643050514352165,510.4070173758736,5.314490456468647,4.576352296234001,550.5015670251671,52.73118676116742,6.029207975230768,623.0009481380623,54.76137654556559,3.917847011180516,642.5895168675387,25.89922330613404,3.264334031517136,697.1682138233998,2.963606805438488,3.38713320610083,810.221105826729,25.53659979643536,3.927240190461843,858.8598464178929,55.56425127106328,4.48557794624759,931.4304296819377,47.537210279312575,4.282100098940943,960.9777707950471,13.117426120408751,3.918384501468564,1007.9929254753632,6.678793505861336,4.418595653086284,1011.2048532853394,38.08678159278425
Spain,17.0,0.33892503001647767,366835.0,1344.0,True,2023-12-04 17:34:58,2023-12-04 22:53:57,19138.818234,5.0,1068.0,8.0,0.0,2020-01-29 00:00:00,"[3, 5, 9, 12]",0.005937751896074115,2.3491136940789232,0.005851875798354151,264.26334384269353,0.0010577136692705047,217.8830581890674,0.001440331546046886,160.10983857260968,0.0003550318024556767,164.88319952966242,0.002067127558378532,265.8200340075769,12.030647390159636,47.16451846994626,26.606615230599115,4.694656105836591,157.70398220015866,0.9560164676137823,5.887143707386522,173.8859793862071,25.543472222556517,4.251270497323483,331.39304672905547,5.3586763002446,5.595940059028651,413.7162294843931,54.65212885518062,2.92754991383347,514.7593300385124,22.043999291574703,7.265386923584373,536.0835750369611,46.47852208759119,4.967358859312119,647.5270591961622,19.162452630853267,4.296151482456058,666.4213820518336,35.58971909071476,5.2060374479690825,781.4416827726684,45.675958338062266,3.5048572466041175,803.5405566804935,43.930064574558585,5.7013081114272035,866.2668931408117,49.66773414975944,6.110428313254752,960.2759368067306,38.23395005339994,4.706337636564227,1009.1329904183686,53.130128671228306,,,
United Kingdom,17.0,0.22109183512480488,468074.0,1825.0,True,2023-12-04 22:53:57,2023-12-05 04:38:09,20652.222659,5.0,1055.0,8.0,,2020-02-11 00:00:00,"[1, 4, 7, 10]",0.0014811462602673136,2.0383376540866607,0.011693256225230738,209.45218872942587,0.0034255463337576958,205.18796836156278,0.00030858052372421355,265.7283475630799,0.0014785734704706461,226.13621347462683,0.0004095584285983005,266.6713072016586,9.984768544213084,39.98669338797008,27.05192232976534,5.31708936600485,189.86793205190781,1.0961162297904643,7.348052702485803,268.7164016772927,7.37782055279656,3.965022224485014,307.94498858079857,22.510979172234,3.1703210827643518,463.3999659986173,7.770871438532399,4.027360479498641,525.119623356547,51.366383598066726,4.397037529086186,589.3955310060918,47.84171194970705,4.118344973640525,664.3619356468984,14.635495563581708,4.570450830780865,742.7863586583054,53.71785757767515,4.085860670305568,832.4869220510168,3.8121499145301705,3.602868522468478,939.6323108391931,8.906485240532053,5.380422031190951,1000.1217935390799,39.40213155823912,2.788946923179597,1011.6834431793993,20.449525780422963,,,,,,
United States,17.0,0.16264091996521252,361450.0,1253.0,True,2023-12-05 04:38:09,2023-12-05 09:14:48,16598.538053,5.0,1055.0,8.0,0.0,2020-02-11 00:00:00,"[2, 4, 9, 13]",0.0038758770813944543,2.5377977017890236,0.010083828114132538,288.92500552378266,0.001974113596512985,333.3439837570853,0.002408272369773182,284.2215775801238,0.000575154378248364,190.95413850582653,0.0016317921035805126,182.5855025169015,8.93595605138364,45.878149317914435,23.913033630499786,7.041768908709225,118.21222665928967,6.790844570288197,6.704707555222859,236.46943432531427,17.102948443702996,5.390383192673391,265.1917461493535,28.822001156183678,3.991095800917349,510.2434182841771,1.7687352754842998,4.782897990368232,565.2233033163811,32.79143863547869,5.373912045219086,622.2463938515118,44.02059300801854,3.253493888360278,666.614807709733,39.92001511373223,3.071584667773223,693.452026201812,3.8877100155161557,3.400606561535779,808.8062155398932,34.587889677348485,4.146049823406985,862.5023405024953,40.3105504589398,5.293107973231249,929.5997981945127,28.843071475623937,5.401087703951046,960.7321800215548,1.0707130363984447,4.829820029343433,1000.9320166210634,13.44347517605447,5.462407560619326,1011.6502462043301,24.066874019791776
Spain,18.0,0.3445031071752909,336730.0,1205.0,True,2023-12-05 09:14:48,2023-12-05 14:07:26,17558.551698,5.0,1068.0,8.0,0.0,2020-01-29 00:00:00,"[3, 5, 9, 12]",0.005282861508412937,1.7568338655847204,0.004856525128108939,120.49517281170745,0.0009326981637532614,140.5544727996442,0.0011274042352596972,196.9376765859467,0.000714584544989504,262.57799364306265,0.00024831452370838506,212.22601216495505,12.114984440249238,33.188606571889736,42.470104435982236,4.8836772568363935,161.14435999981183,2.8375827364958432,6.005841885908679,187.32484043413493,33.83546333452077,4.377037889274751,329.71470214427745,2.1169283889978807,5.497679594727323,411.1534473456229,53.39889954152071,2.8362197396097604,512.1726256926715,6.054509644492622,6.927994703099186,534.4811217704782,49.19353165026358,3.6327630334806917,656.481888754376,35.28184388370215,5.208103973212589,711.4882812785515,40.09995669368969,3.7552313795738734,780.6506457935176,5.911758747343516,4.126084569026204,816.2499552743491,46.23382056305624,2.9444954881399155,854.6993219237312,11.496954967478032,2.888504299028986,959.0702287212155,24.669184895263427,2.9152135844622613,1011.0682024252087,35.42410959078832,,,
United Kingdom,18.0,0.22753117915231125,225492.0,879.0,True,2023-12-05 14:07:26,2023-12-05 16:52:49,9922.217824,5.0,1055.0,8.0,,2020-02-11 00:00:00,"[1, 4, 7, 10]",0.0014822119235862402,2.0668514371777515,0.010929710952706466,233.68810613367225,0.003329259934010954,227.319374101378,0.0003646885512817394,246.32060030840387,0.0007001739071935753,132.47304947713968,0.0003801227916171426,243.39689598148416,10.0027597635064,40.89630657459419,26.237843217546306,3.9616656639359826,196.82571800156398,7.455064074528799,7.453621689254664,233.4307261693036,50.557193134558105,3.908801927074048,307.50760509105527,25.985111200228097,3.2975694308130308,460.6584017702272,1.6350636184012899,3.782445156523471,535.7724741438371,28.516067086818566,3.848204811970172,593.4795040363624,44.94210163501285,3.9277215561002485,668.74558629862,10.663824122167608,3.7568113484023833,736.2280520641666,11.272301632131459,3.2952629062973355,837.5786284008972,4.878177204952284,2.7894550501224376,929.0548573167623,3.683533987010655,2.467864562065037,1006.5212387767721,2.125246731292176,2.4799745784890685,1011.3248756970199,9.098467997132815,,,,,,
United States,18.0,0.16315849055229203,322115.0,1116.0,True,2023-12-05 16:52:49,2023-12-05 21:02:10,14961.905501,5.0,1055.0,8.0,0.0,2020-02-11 00:00:00,"[2, 4, 9, 13]",0.004482448542652619,2.587743351675224,0.011962109857577691,232.49278763839175,0.00174640480449281,177.04735719640854,0.0013836317104500913,213.52711131983912,0.0009910024223544415,257.1082988089073,0.0013358620956906379,220.17613545077967,9.105645306620719,46.29507464770543,25.091606581747374,7.037751165868489,117.93517250732215,9.468078773335009,6.331174994719252,238.44912779819614,14.435958418732534,5.068384083344139,289.7805857132812,38.25505331671577,4.180381412632166,509.5839533226977,7.095864987507365,4.2233788676969715,545.9164801786181,15.31043907823847,4.9908953894099355,621.1400908110353,46.53574361338245,3.3386801730361055,643.7408584611788,22.68698562780415,2.5101052726817055,695.6421981994474,3.953715202137005,3.0074050202056224,808.1244105580242,54.089435252181374,3.3123831146717357,861.9686331277082,36.398044783811045,4.462514980346513,930.6092240312175,44.835917230904876,4.618735494057397,957.0506321457344,51.85361129756559,3.6792637601357514,1002.4155609480358,29.451030225295803,5.494158697889539,1011.4867240643487,43.91147821808664
Spain,19.0,0.349600758403817,268270.0,971.0,True,2023-12-05 21:02:11,2023-12-06 00:51:59,13788.885636,5.0,1068.0,8.0,0.0,2020-01-29 00:00:00,"[3, 5, 9, 12]",0.004409135831505426,1.7471325077433946,0.004153323189261034,294.70453400128537,0.0008227390675201772,140.7536821966918,0.0012276209877876698,343.79821210522675,0.0011199246230508687,226.25579281376955,0.0011156337058629891,259.96701998196505,11.634243903999703,33.69463064692299,41.09421061325329,4.845613274363636,161.1771159558842,4.354590361311718,5.608063369907191,172.20377764234013,28.836862133274554,3.9391839913703737,331.7786476202612,4.027931809802265,4.652252745566081,410.80113368872185,43.74740020938155,2.5931827846358595,516.5420245840286,6.2512593453522705,5.750369993264339,542.4365980090131,36.81160205115706,3.394193455187245,655.56500268158,28.79550740433144,5.373684573643711,711.3198586075479,34.355647503054456,5.5846087847192205,781.2127751032446,42.78143256526542,3.6430053232821225,813.6006362934736,38.10176471336477,5.811676036853891,864.3060710344171,50.19703382899708,5.74116504863656,958.4920370298145,32.81682714931126,5.0495660732227,1001.316833569994,2.1622746725997963,,,
United Kingdom,19.0,0.22761348736784387,255144.0,991.0,True,2023-12-06 00:51:59,2023-12-06 04:00:32,11312.972938,5.0,1055.0,8.0,,2020-02-11 00:00:00,"[1, 4, 7, 10]",0.0014820398713720946,2.09077877260173,0.013143550727271216,280.1628930443695,0.003584756174903684,282.61468846450816,0.0003161936455289046,250.3482057727529,0.0018621650813590493,218.33661009517016,0.0007839163762329402,254.96655985596507,10.099129974087177,40.989512737417876,26.00115380811866,5.165630963227877,191.1656065412704,1.0951658574492065,7.4743856464994565,268.9209457977737,13.024217710943079,3.950284091641797,307.5423456874239,23.224689220281057,3.5185530093621944,460.56257480568524,25.900620602502705,4.137014547230396,539.4147943725451,39.1444530773747,5.077957809082251,593.1417889423374,49.92883553844437,4.4502376158746175,661.7202775047189,9.65395472666367,5.292539652254057,738.9510850524005,54.3681112124988,4.895385286216338,838.4816513358993,10.446913187025036,6.125730047561535,940.5266832742362,50.63567011568999,4.328598134781585,1005.8585270869453,11.969070788707363,4.7657291963519075,1011.9677499472881,30.0257701520752,,,,,,
United States,19.0,0.1619771091632756,799548.0,2791.0,True,2023-12-06 04:00:33,2023-12-06 13:57:41,35828.944948,5.0,1055.0,8.0,0.0,2020-02-11 00:00:00,"[2, 4, 9, 13]",0.0055208420202252605,2.6049392670998426,0.011727146817235128,265.4236094383549,0.001966890365972444,285.4821440897052,0.0019202807314314604,220.5444519477019,0.0020044183742034265,126.023555894978,0.0011265390979960962,176.44534029944708,8.918556325594189,45.78599963964874,24.1217673288161,7.025403526401835,119.7607408000624,6.133084602668379,6.684490122873397,239.56542583127126,9.097795965247645,5.3588560662567,269.5202566503137,30.591181321333195,4.132827733773561,514.1265790930495,0.22639025937527535,5.2087902164799615,564.6725473336382,38.502609627969775,6.333559857978612,622.1934160246109,43.89750696384773,3.3310190995307463,668.4488244823833,28.219923262441718,6.532979107793384,701.4167018827081,45.802849328463154,5.4783765422530175,810.0917406638064,17.934332135224974,6.033286279348693,845.9905827020771,44.74373733843878,6.989993298415464,932.6498255329975,37.64066794914763,6.483197058947529,959.1216294458261,28.098400079809412,6.424535943498693,1003.2363445405549,33.39980988471632,6.345740456679219,1011.664042886205,21.72700550272136
